{
"type": "FeatureCollection",
"name": "client_buildings_NEW",
"crs": { "type": "name", "properties": { "name": "urn:ogc:def:crs:OGC:1.3:CRS84" } },
"features": [
{ "type": "Feature", "properties": { "fid_1": 0.0, "bldg_namee": "Juhu club Millennium", "bldg_no": 0, "Landmarks": "yes", "Edu_Bldg": null, "Comm_ctr": "yes", "Gov_bldg": null }, "geometry": { "type": "MultiPolygon", "coordinates": [ [ [ [ 72.837058487080398, 19.110366992914948 ], [ 72.836356771494252, 19.110236116288515 ], [ 72.836287516545241, 19.110467074971158 ], [ 72.837007564323784, 19.110602763046781 ], [ 72.837058487080398, 19.110366992914948 ] ] ] ] } },
{ "type": "Feature", "properties": { "fid_1": 0.0, "bldg_namee": null, "bldg_no": 0, "Landmarks": null, "Edu_Bldg": null, "Comm_ctr": null, "Gov_bldg": null }, "geometry": { "type": "MultiPolygon", "coordinates": [ [ [ [ 72.83605021649943, 19.11026835429065 ], [ 72.83607364096747, 19.110175970745278 ], [ 72.835857728479411, 19.11012977895323 ], [ 72.835835831694069, 19.110227936495896 ], [ 72.83605021649943, 19.11026835429065 ] ] ] ] } },
{ "type": "Feature", "properties": { "fid_1": 181.0, "bldg_namee": "Tennis court building", "bldg_no": 181, "Landmarks": null, "Edu_Bldg": null, "Comm_ctr": null, "Gov_bldg": null }, "geometry": { "type": "MultiPolygon", "coordinates": [ [ [ [ 72.835512472189549, 19.110365068259398 ], [ 72.835566450311575, 19.110089842289298 ], [ 72.835385165297978, 19.110060010076218 ], [ 72.835336279451667, 19.110340047735598 ], [ 72.835512472189549, 19.110365068259398 ] ] ] ] } },
{ "type": "Feature", "properties": { "fid_1": 171.0, "bldg_namee": "Juhu Griha swapna", "bldg_no": 171, "Landmarks": null, "Edu_Bldg": null, "Comm_ctr": null, "Gov_bldg": null }, "geometry": { "type": "MultiPolygon", "coordinates": [ [ [ [ 72.836799702483248, 19.110884916905896 ], [ 72.836724002483265, 19.110875416905898 ], [ 72.836694702483257, 19.111082216905896 ], [ 72.836811002483245, 19.111096916905897 ], [ 72.83683550248324, 19.110923616905893 ], [ 72.836994602483259, 19.110943716905894 ], [ 72.836969302483254, 19.111122316905899 ], [ 72.837084502483279, 19.111136916905895 ], [ 72.837114602483268, 19.110924416905899 ], [ 72.837036702483246, 19.1109145169059 ], [ 72.837050202483255, 19.110819416905894 ], [ 72.836813202483256, 19.110789516905896 ], [ 72.836799702483248, 19.110884916905896 ] ] ] ] } },
{ "type": "Feature", "properties": { "fid_1": 172.0, "bldg_namee": "Nupur", "bldg_no": 172, "Landmarks": null, "Edu_Bldg": null, "Comm_ctr": null, "Gov_bldg": null }, "geometry": { "type": "MultiPolygon", "coordinates": [ [ [ [ 72.836265003270228, 19.110922745073108 ], [ 72.836406803270222, 19.110866045073109 ], [ 72.83644130327022, 19.110942945073113 ], [ 72.836506503270229, 19.110916845073113 ], [ 72.836463703270226, 19.110821345073109 ], [ 72.836545203270205, 19.110788745073112 ], [ 72.83650570327022, 19.110700645073113 ], [ 72.836395803270207, 19.110744645073112 ], [ 72.836361703270228, 19.110668645073105 ], [ 72.836274403270224, 19.110703545073111 ], [ 72.836321803270209, 19.110809145073109 ], [ 72.836230403270221, 19.110845745073107 ], [ 72.836265003270228, 19.110922745073108 ] ] ] ] } },
{ "type": "Feature", "properties": { "fid_1": 173.0, "bldg_namee": "Varsha", "bldg_no": 173, "Landmarks": null, "Edu_Bldg": null, "Comm_ctr": null, "Gov_bldg": null }, "geometry": { "type": "MultiPolygon", "coordinates": [ [ [ [ 72.83605225340969, 19.110986730827648 ], [ 72.836059891823169, 19.110983362693098 ], [ 72.836105722304112, 19.110742781476141 ], [ 72.836060910278306, 19.110732195894556 ], [ 72.836076187105277, 19.110653285174116 ], [ 72.835943787938078, 19.110626340041435 ], [ 72.835919345014915, 19.110762027986382 ], [ 72.835970267771529, 19.110773575891457 ], [ 72.835930548021366, 19.110962191560056 ], [ 72.83605225340969, 19.110986730827648 ] ] ] ] } },
{ "type": "Feature", "properties": { "fid_1": 175.0, "bldg_namee": "Cosa Royale", "bldg_no": 175, "Landmarks": null, "Edu_Bldg": null, "Comm_ctr": null, "Gov_bldg": null }, "geometry": { "type": "MultiPolygon", "coordinates": [ [ [ [ 72.835886245223122, 19.110761065660935 ], [ 72.835895411319299, 19.110663870760757 ], [ 72.835674406555583, 19.110623453062679 ], [ 72.835650982087543, 19.11064751121749 ], [ 72.835680517286391, 19.110731233568927 ], [ 72.835886245223122, 19.110761065660935 ] ] ] ] } },
{ "type": "Feature", "properties": { "fid_1": 174.0, "bldg_namee": "Ashwin", "bldg_no": 174, "Landmarks": null, "Edu_Bldg": null, "Comm_ctr": null, "Gov_bldg": null }, "geometry": { "type": "MultiPolygon", "coordinates": [ [ [ [ 72.83565811127346, 19.11090926371558 ], [ 72.83582513791518, 19.110943907397512 ], [ 72.835847543928082, 19.110850561904623 ], [ 72.835677461920994, 19.11081591820313 ], [ 72.83565811127346, 19.11090926371558 ] ] ] ] } },
{ "type": "Feature", "properties": { "fid_1": 122.0, "bldg_namee": "The Nest", "bldg_no": 122, "Landmarks": null, "Edu_Bldg": null, "Comm_ctr": null, "Gov_bldg": null }, "geometry": { "type": "MultiPolygon", "coordinates": [ [ [ [ 72.837139963490998, 19.111613683821609 ], [ 72.837166443324421, 19.111483770503138 ], [ 72.836895534259241, 19.111438541397952 ], [ 72.836870072880942, 19.111559793864846 ], [ 72.837139963490998, 19.111613683821609 ] ] ] ] } },
{ "type": "Feature", "properties": { "fid_1": 121.0, "bldg_namee": "Diwani Mahal", "bldg_no": 121, "Landmarks": null, "Edu_Bldg": null, "Comm_ctr": null, "Gov_bldg": null }, "geometry": { "type": "MultiPolygon", "coordinates": [ [ [ [ 72.836889423528433, 19.111791713018174 ], [ 72.837180701696283, 19.111841753622688 ], [ 72.837208199984858, 19.11171376512327 ], [ 72.83690979263109, 19.111669498401156 ], [ 72.836889423528433, 19.111791713018174 ] ] ] ] } },
{ "type": "Feature", "properties": { "fid_1": 120.0, "bldg_namee": "Dhananjay", "bldg_no": 120, "Landmarks": null, "Edu_Bldg": null, "Comm_ctr": null, "Gov_bldg": null }, "geometry": { "type": "MultiPolygon", "coordinates": [ [ [ [ 72.836818131669162, 19.111782089823254 ], [ 72.836852759143653, 19.11165025199654 ], [ 72.836715267700768, 19.111621382385426 ], [ 72.836680640226277, 19.111754182554826 ], [ 72.836818131669162, 19.111782089823254 ] ] ] ] } },
{ "type": "Feature", "properties": { "fid_1": 119.0, "bldg_namee": "Mehta House", "bldg_no": 119, "Landmarks": null, "Edu_Bldg": null, "Comm_ctr": null, "Gov_bldg": null }, "geometry": { "type": "MultiPolygon", "coordinates": [ [ [ [ 72.83661138527728, 19.111745521677474 ], [ 72.836646012751785, 19.11160887221904 ], [ 72.83650241057812, 19.111577115638585 ], [ 72.836462690827986, 19.111715689763077 ], [ 72.83661138527728, 19.111745521677474 ] ] ] ] } },
{ "type": "Feature", "properties": { "fid_1": 118.0, "bldg_namee": "Anand Mansion", "bldg_no": 118, "Landmarks": null, "Edu_Bldg": null, "Comm_ctr": null, "Gov_bldg": null }, "geometry": { "type": "MultiPolygon", "coordinates": [ [ [ [ 72.836408712705961, 19.111689707123595 ], [ 72.836429081808632, 19.111691631763694 ], [ 72.836467783103643, 19.111549208335582 ], [ 72.836333347026169, 19.111523225669924 ], [ 72.836303811827321, 19.111667573760791 ], [ 72.836408712705961, 19.111689707123595 ] ] ] ] } },
{ "type": "Feature", "properties": { "fid_1": 117.0, "bldg_namee": "2 Casa", "bldg_no": 117, "Landmarks": null, "Edu_Bldg": null, "Comm_ctr": null, "Gov_bldg": null }, "geometry": { "type": "MultiPolygon", "coordinates": [ [ [ [ 72.836248815250201, 19.111677196962368 ], [ 72.836266128987432, 19.111516489422602 ], [ 72.836131692909987, 19.111505903890546 ], [ 72.836118452993247, 19.111646402715355 ], [ 72.836248815250201, 19.111677196962368 ] ] ] ] } },
{ "type": "Feature", "properties": { "fid_1": 123.0, "bldg_namee": "Chiranjeev", "bldg_no": 123, "Landmarks": null, "Edu_Bldg": null, "Comm_ctr": null, "Gov_bldg": null }, "geometry": { "type": "MultiPolygon", "coordinates": [ [ [ [ 72.836797762566491, 19.11150975318094 ], [ 72.836837482316653, 19.111382726712367 ], [ 72.836662308033908, 19.111339422212147 ], [ 72.836636846655594, 19.111487619788132 ], [ 72.836797762566491, 19.11150975318094 ] ] ] ] } },
{ "type": "Feature", "properties": { "fid_1": 124.0, "bldg_namee": "Platinum group", "bldg_no": 124, "Landmarks": null, "Edu_Bldg": null, "Comm_ctr": null, "Gov_bldg": null }, "geometry": { "type": "MultiPolygon", "coordinates": [ [ [ [ 72.836525835046174, 19.11147607193293 ], [ 72.836544167238543, 19.111477996575523 ], [ 72.836570647072008, 19.111305740975041 ], [ 72.836396491244358, 19.111277833626236 ], [ 72.836388343603318, 19.111403897819645 ], [ 72.836341494667224, 19.111395236923936 ], [ 72.836329273205621, 19.11146933568369 ], [ 72.836443340180452, 19.111493393715428 ], [ 72.836451487821506, 19.11146259943418 ], [ 72.836525835046174, 19.11147607193293 ] ] ] ] } },
{ "type": "Feature", "properties": { "fid_1": 125.0, "bldg_namee": "Sukh Sagar", "bldg_no": 125, "Landmarks": null, "Edu_Bldg": null, "Comm_ctr": null, "Gov_bldg": null }, "geometry": { "type": "MultiPolygon", "coordinates": [ [ [ [ 72.836184652576875, 19.111425550056939 ], [ 72.836208077044901, 19.11136684842927 ], [ 72.836284461179815, 19.111377433970226 ], [ 72.836308904103021, 19.111259068337301 ], [ 72.836098083890619, 19.111225387044165 ], [ 72.836058364140456, 19.111410152910715 ], [ 72.836184652576875, 19.111425550056939 ] ] ] ] } },
{ "type": "Feature", "properties": { "fid_1": 116.0, "bldg_namee": "1 Crystal", "bldg_no": 116, "Landmarks": null, "Edu_Bldg": null, "Comm_ctr": null, "Gov_bldg": null }, "geometry": { "type": "MultiPolygon", "coordinates": [ [ [ [ 72.836056327230182, 19.111634373711048 ], [ 72.836097065435467, 19.111481364699991 ], [ 72.836002349108171, 19.111458268987906 ], [ 72.835965684723405, 19.111617051943313 ], [ 72.836056327230182, 19.111634373711048 ] ] ] ] } },
{ "type": "Feature", "properties": { "fid_1": 126.0, "bldg_namee": "One the Residency", "bldg_no": 126, "Landmarks": null, "Edu_Bldg": null, "Comm_ctr": null, "Gov_bldg": null }, "geometry": { "type": "MultiPolygon", "coordinates": [ [ [ [ 72.835970776999062, 19.111383207901365 ], [ 72.836015589024882, 19.111236934916871 ], [ 72.835801713447097, 19.111209027556448 ], [ 72.835776252068797, 19.111361074497548 ], [ 72.835970776999062, 19.111383207901365 ] ] ] ] } },
{ "type": "Feature", "properties": { "fid_1": 115.0, "bldg_namee": "Simarpan", "bldg_no": 115, "Landmarks": null, "Edu_Bldg": null, "Comm_ctr": null, "Gov_bldg": null }, "geometry": { "type": "MultiPolygon", "coordinates": [ [ [ [ 72.835873005306368, 19.111617051943313 ], [ 72.835908651235997, 19.111609353379293 ], [ 72.835958555537459, 19.111444796487689 ], [ 72.835791528895768, 19.111421700770514 ], [ 72.835766067517469, 19.111581446081725 ], [ 72.835873005306368, 19.111617051943313 ] ] ] ] } },
{ "type": "Feature", "properties": { "fid_1": 106.0, "bldg_namee": "Hemal", "bldg_no": 106, "Landmarks": null, "Edu_Bldg": null, "Comm_ctr": null, "Gov_bldg": null }, "geometry": { "type": "MultiPolygon", "coordinates": [ [ [ [ 72.83694747547095, 19.112097249165476 ], [ 72.837137926580724, 19.1121492143123 ], [ 72.837190886247583, 19.112027962277626 ], [ 72.836969881483853, 19.11198658259465 ], [ 72.83694747547095, 19.112097249165476 ] ] ] ] } },
{ "type": "Feature", "properties": { "fid_1": 107.0, "bldg_namee": "Nirmal", "bldg_no": 107, "Landmarks": null, "Edu_Bldg": null, "Comm_ctr": null, "Gov_bldg": null }, "geometry": { "type": "MultiPolygon", "coordinates": [ [ [ [ 72.836791142608149, 19.112095324530085 ], [ 72.836800308704326, 19.112093399894682 ], [ 72.836835954633983, 19.111924031891405 ], [ 72.836726979934824, 19.111904785516426 ], [ 72.836699481646249, 19.112043359366314 ], [ 72.836713740018112, 19.112046246320297 ], [ 72.836704573921921, 19.112081852081793 ], [ 72.836791142608149, 19.112095324530085 ] ] ] ] } },
{ "type": "Feature", "properties": { "fid_1": 109.0, "bldg_namee": "Punyadarshan", "bldg_no": 109, "Landmarks": null, "Edu_Bldg": null, "Comm_ctr": null, "Gov_bldg": null }, "geometry": { "type": "MultiPolygon", "coordinates": [ [ [ [ 72.836608839139473, 19.112237747487804 ], [ 72.836747349037466, 19.112262767724474 ], [ 72.836776884236301, 19.112167498341552 ], [ 72.836531436549407, 19.112123231740917 ], [ 72.836510048991656, 19.112216576515362 ], [ 72.836608839139473, 19.112237747487804 ] ] ] ] } },
{ "type": "Feature", "properties": { "fid_1": 104.0, "bldg_namee": "Glen Eagle", "bldg_no": 104, "Landmarks": null, "Edu_Bldg": null, "Comm_ctr": null, "Gov_bldg": null }, "geometry": { "type": "MultiPolygon", "coordinates": [ [ [ [ 72.837044737936068, 19.112537027770003 ], [ 72.837060014763068, 19.112418662945835 ], [ 72.836954095429292, 19.112403265889302 ], [ 72.836950021608757, 19.112438871580345 ], [ 72.8368532683712, 19.112425399157612 ], [ 72.836843083819886, 19.112496610522498 ], [ 72.837044737936068, 19.112537027770003 ] ] ] ] } },
{ "type": "Feature", "properties": { "fid_1": 103.0, "bldg_namee": "Classique", "bldg_no": 103, "Landmarks": null, "Edu_Bldg": null, "Comm_ctr": null, "Gov_bldg": null }, "geometry": { "type": "MultiPolygon", "coordinates": [ [ [ [ 72.836793688745956, 19.112709763237525 ], [ 72.836828316220419, 19.11269244157938 ], [ 72.836848685323076, 19.11271265018037 ], [ 72.836890441983513, 19.112704951666004 ], [ 72.836919977182333, 19.112748255804693 ], [ 72.836944420105525, 19.112735745721348 ], [ 72.83696377075303, 19.112754992003023 ], [ 72.837024878060987, 19.112719386380157 ], [ 72.837033025702041, 19.112719386380157 ], [ 72.83704932098415, 19.112708800923237 ], [ 72.837051357894424, 19.112690516950583 ], [ 72.837042191798247, 19.112676082233914 ], [ 72.837033025702041, 19.112671270661405 ], [ 72.83698312140055, 19.11261064483584 ], [ 72.836941364740127, 19.11263855196465 ], [ 72.836920995637485, 19.11262026798423 ], [ 72.836902663445102, 19.112625079558221 ], [ 72.836882294342459, 19.11259717242714 ], [ 72.836857851419268, 19.11260390863162 ], [ 72.836827297765325, 19.112571189921546 ], [ 72.836749895175245, 19.112614494095258 ], [ 72.836739710623917, 19.112612569465558 ], [ 72.836726470707205, 19.112624117243438 ], [ 72.836724433796945, 19.112636627335231 ], [ 72.836734618348274, 19.112651062055349 ], [ 72.836747858264999, 19.112652986684608 ], [ 72.836793688745956, 19.112709763237525 ] ] ] ] } },
{ "type": "Feature", "properties": { "fid_1": 105.0, "bldg_namee": "Safari Kid", "bldg_no": 105, "Landmarks": null, "Edu_Bldg": null, "Comm_ctr": null, "Gov_bldg": null }, "geometry": { "type": "MultiPolygon", "coordinates": [ [ [ [ 72.837061033218191, 19.112345045783695 ], [ 72.837069180859245, 19.112305590813023 ], [ 72.837087513051614, 19.112307515445959 ], [ 72.837098716058094, 19.112257474982396 ], [ 72.837073254679794, 19.112247851814583 ], [ 72.837076310045163, 19.112218019990824 ], [ 72.837025387288548, 19.112206472186635 ], [ 72.837022331923166, 19.112220906941744 ], [ 72.836927615595854, 19.112197811332965 ], [ 72.836897061941897, 19.112308477762415 ], [ 72.837061033218191, 19.112345045783695 ] ] ] ] } },
{ "type": "Feature", "properties": { "fid_1": 110.0, "bldg_namee": "Chandravilla", "bldg_no": 110, "Landmarks": null, "Edu_Bldg": null, "Comm_ctr": null, "Gov_bldg": null }, "geometry": { "type": "MultiPolygon", "coordinates": [ [ [ [ 72.836696426280824, 19.112462448323644 ], [ 72.836741238306629, 19.112351781997258 ], [ 72.836502919805696, 19.112303666180065 ], [ 72.836473384606848, 19.112409520959396 ], [ 72.836696426280824, 19.112462448323644 ] ] ] ] } },
{ "type": "Feature", "properties": { "fid_1": 112.0, "bldg_namee": "Matruchaya", "bldg_no": 112, "Landmarks": null, "Edu_Bldg": null, "Comm_ctr": null, "Gov_bldg": null }, "geometry": { "type": "MultiPolygon", "coordinates": [ [ [ [ 72.836659761896072, 19.112834864049262 ], [ 72.836697444735947, 19.112736708030699 ], [ 72.836515141267284, 19.112663572135855 ], [ 72.836510048991613, 19.112669346023459 ], [ 72.836479495337642, 19.112658760562688 ], [ 72.836475421517122, 19.112663572135855 ], [ 72.836427554125891, 19.112646250471808 ], [ 72.836381723644962, 19.112736708030699 ], [ 72.836476439972245, 19.112773275965992 ], [ 72.836472366151725, 19.112780012163714 ], [ 72.836549768741762, 19.112808881579426 ], [ 72.836560971748213, 19.112796371499915 ], [ 72.836659761896072, 19.112834864049262 ] ] ] ] } },
{ "type": "Feature", "properties": { "fid_1": 102.0, "bldg_namee": "Shri bhanbai manshi mahila vidyala\\", "bldg_no": 102, "Landmarks": null, "Edu_Bldg": null, "Comm_ctr": null, "Gov_bldg": null }, "geometry": { "type": "MultiPolygon", "coordinates": [ [ [ [ 72.836972427621646, 19.11296958784585 ], [ 72.837020295012877, 19.112842562532794 ], [ 72.836836973089035, 19.112760765878036 ], [ 72.836819659351818, 19.112783861408179 ], [ 72.836793179518367, 19.112777125212219 ], [ 72.836759570499012, 19.112858921858891 ], [ 72.836773828870847, 19.112862771111846 ], [ 72.836760588954149, 19.112892602819286 ], [ 72.836972427621646, 19.11296958784585 ] ] ] ] } },
{ "type": "Feature", "properties": { "fid_1": 101.0, "bldg_namee": "Leena Residency", "bldg_no": 101, "Landmarks": null, "Edu_Bldg": null, "Comm_ctr": null, "Gov_bldg": null }, "geometry": { "type": "MultiPolygon", "coordinates": [ [ [ [ 72.836896043486746, 19.113163974903443 ], [ 72.836943910877935, 19.113050422081798 ], [ 72.836913357223978, 19.113039836645292 ], [ 72.836913357223978, 19.113030213520609 ], [ 72.836892988121321, 19.11302155270792 ], [ 72.836880766659746, 19.113039836645292 ], [ 72.836709666197507, 19.112972474760767 ], [ 72.836671983357647, 19.113063894454541 ], [ 72.836896043486746, 19.113163974903443 ] ] ] ] } },
{ "type": "Feature", "properties": { "fid_1": 113.0, "bldg_namee": "Shantee Enterprises", "bldg_no": 113, "Landmarks": null, "Edu_Bldg": null, "Comm_ctr": null, "Gov_bldg": null }, "geometry": { "type": "MultiPolygon", "coordinates": [ [ [ [ 72.836573193209802, 19.113025401976262 ], [ 72.836582359305979, 19.113025401976262 ], [ 72.836598654588116, 19.112990758727019 ], [ 72.836589488491896, 19.112981135600933 ], [ 72.836603746863759, 19.112942643091007 ], [ 72.83661494987021, 19.112948416968067 ], [ 72.83663022669721, 19.112908962137482 ], [ 72.836387834375728, 19.112830052448047 ], [ 72.836373576003879, 19.112859884164333 ], [ 72.836388852830851, 19.112867582670876 ], [ 72.836370520638454, 19.112912811389652 ], [ 72.836352188446071, 19.112905112885205 ], [ 72.836335893163962, 19.112938793839525 ], [ 72.836573193209802, 19.113025401976262 ] ] ] ] } },
{ "type": "Feature", "properties": { "fid_1": 114.0, "bldg_namee": "Sat Anup by disha", "bldg_no": 114, "Landmarks": null, "Edu_Bldg": null, "Comm_ctr": null, "Gov_bldg": null }, "geometry": { "type": "MultiPolygon", "coordinates": [ [ [ [ 72.836316542516428, 19.11326405526038 ], [ 72.836358299176865, 19.113195731154089 ], [ 72.836360336087154, 19.113197655777178 ], [ 72.836416351119411, 19.113222675875431 ], [ 72.83645097859393, 19.113170711051762 ], [ 72.836393945106508, 19.113132218579253 ], [ 72.836420424939931, 19.113089876849138 ], [ 72.836303302599731, 19.113023477296 ], [ 72.836192290990297, 19.113195731154089 ], [ 72.836316542516428, 19.11326405526038 ] ] ] ] } },
{ "type": "Feature", "properties": { "fid_1": 100.0, "bldg_namee": "gagandeep", "bldg_no": 100, "Landmarks": null, "Edu_Bldg": null, "Comm_ctr": null, "Gov_bldg": null }, "geometry": { "type": "MultiPolygon", "coordinates": [ [ [ [ 72.83676160740923, 19.113449781139956 ], [ 72.836856323736527, 19.113274640661185 ], [ 72.836556897927636, 19.113127407038252 ], [ 72.836460144690065, 19.113298698430256 ], [ 72.83676160740923, 19.113449781139956 ] ] ] ] } },
{ "type": "Feature", "properties": { "fid_1": 99.0, "bldg_namee": "Satra Signature", "bldg_no": 99, "Landmarks": null, "Edu_Bldg": null, "Comm_ctr": null, "Gov_bldg": null }, "geometry": { "type": "MultiPolygon", "coordinates": [ [ [ [ 72.836469310786285, 19.113927086214488 ], [ 72.836587451581622, 19.113725001550112 ], [ 72.836544676466062, 19.113692283057407 ], [ 72.836524307363433, 19.113721152316018 ], [ 72.836420424939931, 19.113659564558219 ], [ 72.836481532247873, 19.113547936688768 ], [ 72.836267656670088, 19.113430534882678 ], [ 72.836228955375034, 19.113490198106028 ], [ 72.836269693580377, 19.113515218161027 ], [ 72.836259509029034, 19.11353831359304 ], [ 72.836233029195583, 19.113526765877445 ], [ 72.836220807734009, 19.11353831359304 ], [ 72.83611692531052, 19.113484424246646 ], [ 72.836131183682355, 19.113451705706339 ], [ 72.836072113284686, 19.113422836400684 ], [ 72.835982489233047, 19.113571032116216 ], [ 72.835951935579047, 19.113621072197962 ], [ 72.836015079797278, 19.113653790704763 ], [ 72.836035448899906, 19.113621072197962 ], [ 72.836084334746275, 19.113644167615202 ], [ 72.836059891823112, 19.113688433822542 ], [ 72.836271730490623, 19.113805835445508 ], [ 72.836261545939266, 19.113813533909671 ], [ 72.836369502183317, 19.113878970840616 ], [ 72.836404129657822, 19.113823156989369 ], [ 72.836442830952834, 19.113842403147103 ], [ 72.836412277298876, 19.113888593916506 ], [ 72.836469310786285, 19.113927086214488 ] ] ] ] } },
{ "type": "Feature", "properties": { "fid_1": 98.0, "bldg_namee": "Mahabir Sadan", "bldg_no": 98, "Landmarks": null, "Edu_Bldg": null, "Comm_ctr": null, "Gov_bldg": null }, "geometry": { "type": "MultiPolygon", "coordinates": [ [ [ [ 72.836281915041283, 19.114216138841229 ], [ 72.836414314208497, 19.113995770736715 ], [ 72.836275804310475, 19.113918786176818 ], [ 72.836137294412495, 19.114130493630263 ], [ 72.836281915041283, 19.114216138841229 ] ] ] ] } },
{ "type": "Feature", "properties": { "fid_1": 97.0, "bldg_namee": "Mangal Prabhat", "bldg_no": 97, "Landmarks": null, "Edu_Bldg": null, "Comm_ctr": null, "Gov_bldg": null }, "geometry": { "type": "MultiPolygon", "coordinates": [ [ [ [ 72.836103176166205, 19.114030534092219 ], [ 72.836133729820176, 19.113988673757088 ], [ 72.83616733883953, 19.11400647642964 ], [ 72.836236593788541, 19.11391168920504 ], [ 72.836117943765629, 19.113835666924707 ], [ 72.836041559630715, 19.113929491885887 ], [ 72.836071604057111, 19.113959804554273 ], [ 72.836048179589071, 19.113998777976885 ], [ 72.836103176166205, 19.114030534092219 ] ] ] ] } },
{ "type": "Feature", "properties": { "fid_1": 96.0, "bldg_namee": null, "bldg_no": 96, "Landmarks": null, "Edu_Bldg": null, "Comm_ctr": null, "Gov_bldg": null }, "geometry": { "type": "MultiPolygon", "coordinates": [ [ [ [ 72.835881662174899, 19.113932378806929 ], [ 72.835894902091624, 19.113938152648853 ], [ 72.835948880213635, 19.113866941917685 ], [ 72.835937677207184, 19.113839035001167 ], [ 72.835963138585498, 19.113793806540244 ], [ 72.836018135162632, 19.113817864233759 ], [ 72.836060910278206, 19.113765899611376 ], [ 72.835928511110993, 19.11369180188083 ], [ 72.835794075033533, 19.113879451913228 ], [ 72.835881662174899, 19.113932378806929 ] ] ] ] } },
{ "type": "Feature", "properties": { "fid_1": 92.0, "bldg_namee": "Model town buildings", "bldg_no": 92, "Landmarks": null, "Edu_Bldg": null, "Comm_ctr": null, "Gov_bldg": null }, "geometry": { "type": "MultiPolygon", "coordinates": [ [ [ [ 72.8361021577104, 19.114474036474576 ], [ 72.836196874037711, 19.114369145313937 ], [ 72.836072622511566, 19.114276764053127 ], [ 72.835981980004803, 19.11437973066344 ], [ 72.8361021577104, 19.114474036474576 ] ] ] ] } },
{ "type": "Feature", "properties": { "fid_1": 92.0, "bldg_namee": "Model town buildings", "bldg_no": 92, "Landmarks": null, "Edu_Bldg": null, "Comm_ctr": null, "Gov_bldg": null }, "geometry": { "type": "MultiPolygon", "coordinates": [ [ [ [ 72.835921781064471, 19.114345201034887 ], [ 72.836015478936645, 19.114230686734007 ], [ 72.835899375051568, 19.114143116920985 ], [ 72.835802621813997, 19.114257631282531 ], [ 72.835921781064471, 19.114345201034887 ] ] ] ] } },
{ "type": "Feature", "properties": { "fid_1": 92.0, "bldg_namee": "Model town buildings", "bldg_no": 92, "Landmarks": null, "Edu_Bldg": null, "Comm_ctr": null, "Gov_bldg": null }, "geometry": { "type": "MultiPolygon", "coordinates": [ [ [ [ 72.835727366222386, 19.114207117228361 ], [ 72.835805787267574, 19.114121472025126 ], [ 72.835691720292743, 19.114034864471108 ], [ 72.835608206971898, 19.114121472025126 ], [ 72.835727366222386, 19.114207117228361 ] ] ] ] } },
{ "type": "Feature", "properties": { "fid_1": 92.0, "bldg_namee": "Model town buildings", "bldg_no": 92, "Landmarks": null, "Edu_Bldg": null, "Comm_ctr": null, "Gov_bldg": null }, "geometry": { "type": "MultiPolygon", "coordinates": [ [ [ [ 72.83594022334502, 19.114682014282756 ], [ 72.836057345685234, 19.114554027957389 ], [ 72.835943278710431, 19.114458759876445 ], [ 72.835816990274026, 19.114582897061993 ], [ 72.83594022334502, 19.114682014282756 ] ] ] ] } },
{ "type": "Feature", "properties": { "fid_1": 92.0, "bldg_namee": "Model town buildings", "bldg_no": 92, "Landmarks": null, "Edu_Bldg": null, "Comm_ctr": null, "Gov_bldg": null }, "geometry": { "type": "MultiPolygon", "coordinates": [ [ [ [ 72.835759956786603, 19.114817698880405 ], [ 72.835884208312734, 19.11469741110524 ], [ 72.835808842632972, 19.114625238398155 ], [ 72.835679498831141, 19.114737827807463 ], [ 72.835759956786603, 19.114817698880405 ] ] ] ] } },
{ "type": "Feature", "properties": { "fid_1": 92.0, "bldg_namee": "Model town buildings", "bldg_no": 92, "Landmarks": null, "Edu_Bldg": null, "Comm_ctr": null, "Gov_bldg": null }, "geometry": { "type": "MultiPolygon", "coordinates": [ [ [ [ 72.835556921846603, 19.114973300882603 ], [ 72.835695431744611, 19.114875146139493 ], [ 72.835603770782697, 19.114766406012915 ], [ 72.835465260884703, 19.114872259234406 ], [ 72.835556921846603, 19.114973300882603 ] ] ] ] } },
{ "type": "Feature", "properties": { "fid_1": 92.0, "bldg_namee": "Model town buildings", "bldg_no": 92, "Landmarks": null, "Edu_Bldg": null, "Comm_ctr": null, "Gov_bldg": null }, "geometry": { "type": "MultiPolygon", "coordinates": [ [ [ [ 72.835202352601669, 19.115226676691123 ], [ 72.835310308845692, 19.115146805790193 ], [ 72.835240035441558, 19.115054424941004 ], [ 72.8351295330597, 19.11513333358624 ], [ 72.835202352601669, 19.115226676691123 ] ] ] ] } },
{ "type": "Feature", "properties": { "fid_1": 92.0, "bldg_namee": "Model town buildings", "bldg_no": 92, "Landmarks": null, "Edu_Bldg": null, "Comm_ctr": null, "Gov_bldg": null }, "geometry": { "type": "MultiPolygon", "coordinates": [ [ [ [ 72.835518582920258, 19.115003423033329 ], [ 72.835439143419933, 19.114912966736199 ], [ 72.835297578156556, 19.115017857544252 ], [ 72.835370906926073, 19.115109276084141 ], [ 72.835518582920258, 19.115003423033329 ] ] ] ] } },
{ "type": "Feature", "properties": { "fid_1": 92.0, "bldg_namee": "Model town buildings", "bldg_no": 92, "Landmarks": null, "Edu_Bldg": null, "Comm_ctr": null, "Gov_bldg": null }, "geometry": { "type": "MultiPolygon", "coordinates": [ [ [ [ 72.835645889811801, 19.114538390532175 ], [ 72.835776761296273, 19.114421711180668 ], [ 72.835687137244648, 19.114328367639242 ], [ 72.835595476282734, 19.114400540485175 ], [ 72.835613808475131, 19.114432777679518 ], [ 72.835576634862818, 19.114467901779634 ], [ 72.835645889811801, 19.114538390532175 ] ] ] ] } },
{ "type": "Feature", "properties": { "fid_1": 92.0, "bldg_namee": "Model town buildings", "bldg_no": 92, "Landmarks": null, "Edu_Bldg": null, "Comm_ctr": null, "Gov_bldg": null }, "geometry": { "type": "MultiPolygon", "coordinates": [ [ [ [ 72.835484464672675, 19.114427845883259 ], [ 72.835589365551286, 19.11431621854139 ], [ 72.83548701081051, 19.114222874930402 ], [ 72.835373962290802, 19.114337389249954 ], [ 72.835484464672675, 19.114427845883259 ] ] ] ] } },
{ "type": "Feature", "properties": { "fid_1": 92.0, "bldg_namee": "Model town buildings", "bldg_no": 92, "Landmarks": null, "Edu_Bldg": null, "Comm_ctr": null, "Gov_bldg": null }, "geometry": { "type": "MultiPolygon", "coordinates": [ [ [ [ 72.835071990344758, 19.114997649228609 ], [ 72.835139208383467, 19.114954345669894 ], [ 72.83506587961395, 19.114846567874473 ], [ 72.83500171694061, 19.114886984555987 ], [ 72.835071990344758, 19.114997649228609 ] ] ] ] } },
{ "type": "Feature", "properties": { "fid_1": 92.0, "bldg_namee": "Model town buildings", "bldg_no": 92, "Landmarks": null, "Edu_Bldg": null, "Comm_ctr": null, "Gov_bldg": null }, "geometry": { "type": "MultiPolygon", "coordinates": [ [ [ [ 72.835367342333129, 19.114778244499789 ], [ 72.835289939743049, 19.114678165053093 ], [ 72.835207444877341, 19.114730129388754 ], [ 72.835220684794066, 19.11475130003933 ], [ 72.835196241870889, 19.114768621478699 ], [ 72.8352654968199, 19.114854266346693 ], [ 72.835367342333129, 19.114778244499789 ] ] ] ] } },
{ "type": "Feature", "properties": { "fid_1": 92.0, "bldg_namee": "Model town buildings", "bldg_no": 92, "Landmarks": null, "Edu_Bldg": null, "Comm_ctr": null, "Gov_bldg": null }, "geometry": { "type": "MultiPolygon", "coordinates": [ [ [ [ 72.835577144090351, 19.114618502243058 ], [ 72.835472243211754, 19.114510724240638 ], [ 72.83533577022402, 19.114627162972358 ], [ 72.83538872989088, 19.114677202732693 ], [ 72.835380582249826, 19.11469452418466 ], [ 72.835430486551317, 19.11474071471438 ], [ 72.835577144090351, 19.114618502243058 ] ] ] ] } },
{ "type": "Feature", "properties": { "fid_1": 92.0, "bldg_namee": "Model town buildings", "bldg_no": 92, "Landmarks": null, "Edu_Bldg": null, "Comm_ctr": null, "Gov_bldg": null }, "geometry": { "type": "MultiPolygon", "coordinates": [ [ [ [ 72.835320493397035, 19.114558358328104 ], [ 72.835428449641043, 19.114466939483577 ], [ 72.835383637615223, 19.114422673498581 ], [ 72.835366323877977, 19.114438070364276 ], [ 72.835327622582952, 19.114401502805912 ], [ 72.835261422999338, 19.114465014875783 ], [ 72.835295541246268, 19.114497973781216 ], [ 72.835278736736598, 19.114513130063969 ], [ 72.835320493397035, 19.114558358328104 ] ] ] ] } },
{ "type": "Feature", "properties": { "fid_1": 92.0, "bldg_namee": "Model town buildings", "bldg_no": 92, "Landmarks": null, "Edu_Bldg": null, "Comm_ctr": null, "Gov_bldg": null }, "geometry": { "type": "MultiPolygon", "coordinates": [ [ [ [ 72.835063842703676, 19.11460262427677 ], [ 72.83515754057585, 19.114697892256522 ], [ 72.835272626005818, 19.114606473489143 ], [ 72.835175872768232, 19.114506393938473 ], [ 72.835063842703676, 19.11460262427677 ] ] ] ] } },
{ "type": "Feature", "properties": { "fid_1": 92.0, "bldg_namee": "Model town buildings", "bldg_no": 92, "Landmarks": null, "Edu_Bldg": null, "Comm_ctr": null, "Gov_bldg": null }, "geometry": { "type": "MultiPolygon", "coordinates": [ [ [ [ 72.834964034100707, 19.114821066955805 ], [ 72.835076064165278, 19.114741195867758 ], [ 72.835013938402213, 19.114659400135181 ], [ 72.83489274224145, 19.114730610539937 ], [ 72.834964034100707, 19.114821066955805 ] ] ] ] } },
{ "type": "Feature", "properties": { "fid_1": 92.0, "bldg_namee": "Model town buildings", "bldg_no": 92, "Landmarks": null, "Edu_Bldg": null, "Comm_ctr": null, "Gov_bldg": null }, "geometry": { "type": "MultiPolygon", "coordinates": [ [ [ [ 72.834817376561645, 19.114579047859724 ], [ 72.834972181741733, 19.11445683528633 ], [ 72.834911074433819, 19.114380813246274 ], [ 72.834750158522908, 19.114501101268239 ], [ 72.834817376561645, 19.114579047859724 ] ] ] ] } },
{ "type": "Feature", "properties": { "fid_1": 92.0, "bldg_namee": "Model town buildings", "bldg_no": 92, "Landmarks": null, "Edu_Bldg": null, "Comm_ctr": null, "Gov_bldg": null }, "geometry": { "type": "MultiPolygon", "coordinates": [ [ [ [ 72.834715531048417, 19.114407276631461 ], [ 72.834835708754028, 19.114314895398596 ], [ 72.83477867526662, 19.114237910998465 ], [ 72.834665626746911, 19.114319706922426 ], [ 72.834697198856006, 19.114359161412459 ], [ 72.834683958939294, 19.114371671370733 ], [ 72.834715531048417, 19.114407276631461 ] ] ] ] } },
{ "type": "Feature", "properties": { "fid_1": 92.0, "bldg_namee": "Model town buildings", "bldg_no": 92, "Landmarks": null, "Edu_Bldg": null, "Comm_ctr": null, "Gov_bldg": null }, "geometry": { "type": "MultiPolygon", "coordinates": [ [ [ [ 72.835048565876676, 19.114418343138187 ], [ 72.835187075774684, 19.114302866586367 ], [ 72.835098470178181, 19.114208560675877 ], [ 72.834955886459653, 19.11432596190318 ], [ 72.835048565876676, 19.114418343138187 ] ] ] ] } },
{ "type": "Feature", "properties": { "fid_1": 92.0, "bldg_namee": "Model town buildings", "bldg_no": 92, "Landmarks": null, "Edu_Bldg": null, "Comm_ctr": null, "Gov_bldg": null }, "geometry": { "type": "MultiPolygon", "coordinates": [ [ [ [ 72.83491616670949, 19.114281695903447 ], [ 72.835028196774019, 19.114181616131997 ], [ 72.834933480446736, 19.114088272444402 ], [ 72.834814321196262, 19.114186427660854 ], [ 72.83491616670949, 19.114281695903447 ] ] ] ] } },
{ "type": "Feature", "properties": { "fid_1": 92.0, "bldg_namee": "Model town buildings", "bldg_no": 92, "Landmarks": null, "Edu_Bldg": null, "Comm_ctr": null, "Gov_bldg": null }, "geometry": { "type": "MultiPolygon", "coordinates": [ [ [ [ 72.835099583402382, 19.114122625957105 ], [ 72.83519735509509, 19.114021583790173 ], [ 72.835109767953711, 19.113939787705043 ], [ 72.834996719434002, 19.114044679148055 ], [ 72.835099583402382, 19.114122625957105 ] ] ] ] } },
{ "type": "Feature", "properties": { "fid_1": 92.0, "bldg_namee": "Model town buildings", "bldg_no": 92, "Landmarks": null, "Edu_Bldg": null, "Comm_ctr": null, "Gov_bldg": null }, "geometry": { "type": "MultiPolygon", "coordinates": [ [ [ [ 72.835219666338915, 19.114256675949303 ], [ 72.835332714858595, 19.114150822352578 ], [ 72.835242072351818, 19.114059403282695 ], [ 72.835126986921864, 19.114173917688557 ], [ 72.835219666338915, 19.114256675949303 ] ] ] ] } },
{ "type": "Feature", "properties": { "fid_1": 0.0, "bldg_namee": "Shri Bhanbai Nenshi Mahila Vidyalaya", "bldg_no": 0, "Landmarks": "yes", "Edu_Bldg": null, "Comm_ctr": null, "Gov_bldg": null }, "geometry": { "type": "MultiPolygon", "coordinates": [ [ [ [ 72.83575061438782, 19.113479311938715 ], [ 72.835865190590226, 19.113275783231099 ], [ 72.835472066909119, 19.113057338429286 ], [ 72.835360036844577, 19.113248838513449 ], [ 72.83575061438782, 19.113479311938715 ] ] ] ] } },
{ "type": "Feature", "properties": { "fid_1": 95.0, "bldg_namee": "GW Satyadeep CHS.LTD", "bldg_no": 95, "Landmarks": null, "Edu_Bldg": null, "Comm_ctr": null, "Gov_bldg": null }, "geometry": { "type": "MultiPolygon", "coordinates": [ [ [ [ 72.83565072747362, 19.113747615758879 ], [ 72.835742388435534, 19.113605194101751 ], [ 72.835637487556909, 19.11353783246442 ], [ 72.835538697409078, 19.113685065721867 ], [ 72.83565072747362, 19.113747615758879 ] ] ] ] } },
{ "type": "Feature", "properties": { "fid_1": 94.0, "bldg_namee": "Chez Nous", "bldg_no": 94, "Landmarks": null, "Edu_Bldg": null, "Comm_ctr": null, "Gov_bldg": null }, "geometry": { "type": "MultiPolygon", "coordinates": [ [ [ [ 72.835479627011395, 19.113602307174986 ], [ 72.835558048056598, 19.113483943134799 ], [ 72.835466387094669, 19.113420430688052 ], [ 72.835376763043044, 19.113536870155109 ], [ 72.835479627011395, 19.113602307174986 ] ] ] ] } },
{ "type": "Feature", "properties": { "fid_1": 93.0, "bldg_namee": "Homeworth", "bldg_no": 93, "Landmarks": null, "Edu_Bldg": null, "Comm_ctr": null, "Gov_bldg": null }, "geometry": { "type": "MultiPolygon", "coordinates": [ [ [ [ 72.835301397363253, 19.113465659251109 ], [ 72.83537472613277, 19.11336461669957 ], [ 72.835286120536253, 19.113306878070947 ], [ 72.83521890249753, 19.113407920657785 ], [ 72.835301397363253, 19.113465659251109 ] ] ] ] } },
{ "type": "Feature", "properties": { "fid_1": 92.0, "bldg_namee": "Model town buildings", "bldg_no": 92, "Landmarks": null, "Edu_Bldg": null, "Comm_ctr": null, "Gov_bldg": null }, "geometry": { "type": "MultiPolygon", "coordinates": [ [ [ [ 72.835474534735752, 19.114012250286532 ], [ 72.835556011146309, 19.113906396514214 ], [ 72.835422593523987, 19.113814977292673 ], [ 72.835341117113416, 19.113915057279947 ], [ 72.835474534735752, 19.114012250286532 ] ] ] ] } },
{ "type": "Feature", "properties": { "fid_1": 92.0, "bldg_namee": "Model town buildings", "bldg_no": 92, "Landmarks": null, "Edu_Bldg": null, "Comm_ctr": null, "Gov_bldg": null }, "geometry": { "type": "MultiPolygon", "coordinates": [ [ [ [ 72.835278991350322, 19.113878489608261 ], [ 72.835354357030113, 19.113774560382851 ], [ 72.835218902497516, 19.113674480326257 ], [ 72.835137426086945, 19.113777447306653 ], [ 72.835278991350322, 19.113878489608261 ] ] ] ] } },
{ "type": "Feature", "properties": { "fid_1": 92.0, "bldg_namee": "Model town buildings", "bldg_no": 92, "Landmarks": null, "Edu_Bldg": null, "Comm_ctr": null, "Gov_bldg": null }, "geometry": { "type": "MultiPolygon", "coordinates": [ [ [ [ 72.835100761702165, 19.113752427310178 ], [ 72.835183256567873, 19.113648497994628 ], [ 72.835059005041714, 19.113559003253876 ], [ 72.834973454810623, 19.113666781860424 ], [ 72.835100761702165, 19.113752427310178 ] ] ] ] } },
{ "type": "Feature", "properties": { "fid_1": 92.0, "bldg_namee": "Model town buildings", "bldg_no": 92, "Landmarks": null, "Edu_Bldg": null, "Comm_ctr": null, "Gov_bldg": null }, "geometry": { "type": "MultiPolygon", "coordinates": [ [ [ [ 72.834936790425871, 19.113908321130072 ], [ 72.83504678358014, 19.113803429618066 ], [ 72.834983639361937, 19.113745691142704 ], [ 72.834956141073363, 19.113770711151179 ], [ 72.834905218316763, 19.113729331904356 ], [ 72.834818649630506, 19.113805354233577 ], [ 72.834936790425871, 19.113908321130072 ] ] ] ] } },
{ "type": "Feature", "properties": { "fid_1": 89.0, "bldg_namee": "The Bar stock exchange", "bldg_no": 89, "Landmarks": null, "Edu_Bldg": null, "Comm_ctr": null, "Gov_bldg": null }, "geometry": { "type": "MultiPolygon", "coordinates": [ [ [ [ 72.834997720836611, 19.115361784322367 ], [ 72.834980407099394, 19.115318480873295 ], [ 72.835027256035445, 19.115297310294057 ], [ 72.834920318246589, 19.115107737259194 ], [ 72.834747180874075, 19.115206854152262 ], [ 72.834767549976732, 19.115251119929962 ], [ 72.834756346970281, 19.115283838105864 ], [ 72.83467385210453, 19.115323292368199 ], [ 72.834751254694623, 19.115482071621393 ], [ 72.834997720836611, 19.115361784322367 ] ] ] ] } },
{ "type": "Feature", "properties": { "fid_1": 90.0, "bldg_namee": null, "bldg_no": 90, "Landmarks": null, "Edu_Bldg": null, "Comm_ctr": null, "Gov_bldg": null }, "geometry": { "type": "MultiPolygon", "coordinates": [ [ [ [ 72.834770273011728, 19.115196845374982 ], [ 72.834849712512039, 19.115149692685684 ], [ 72.834455570375781, 19.114494365142246 ], [ 72.834311968202158, 19.114571349422974 ], [ 72.834701018062688, 19.115230525859094 ], [ 72.834770273011728, 19.115196845374982 ] ] ] ] } },
{ "type": "Feature", "properties": { "fid_1": 91.0, "bldg_namee": null, "bldg_no": 91, "Landmarks": null, "Edu_Bldg": null, "Comm_ctr": null, "Gov_bldg": null }, "geometry": { "type": "MultiPolygon", "coordinates": [ [ [ [ 72.834378167785744, 19.114533819590594 ], [ 72.834455570375781, 19.114494365142246 ], [ 72.834491216305437, 19.114476081370302 ], [ 72.834385296971675, 19.114290356624945 ], [ 72.83423762097749, 19.114376964045107 ], [ 72.834306875926444, 19.114483779800839 ], [ 72.834344558766375, 19.114487629015976 ], [ 72.834378167785744, 19.114533819590594 ] ] ] ] } },
{ "type": "Feature", "properties": { "fid_1": 0.0, "bldg_namee": "CDAC", "bldg_no": 0, "Landmarks": "yes", "Edu_Bldg": null, "Comm_ctr": null, "Gov_bldg": "yes" }, "geometry": { "type": "MultiPolygon", "coordinates": [ [ [ [ 72.834257341974123, 19.115254845679491 ], [ 72.834308403609185, 19.115230525859079 ], [ 72.834331828077225, 19.115221865163821 ], [ 72.834308403609185, 19.115230525859079 ], [ 72.834283960686008, 19.115185778928669 ], [ 72.834301783650815, 19.115174231331778 ], [ 72.833906623059448, 19.11449821435712 ], [ 72.833729411866443, 19.114590595487545 ], [ 72.834132720098822, 19.115268055533292 ], [ 72.834171421393862, 19.115252658744904 ], [ 72.834196882772176, 19.115291150713183 ], [ 72.834156144566876, 19.115309434394987 ], [ 72.834196882772176, 19.115291150713183 ], [ 72.834257341974123, 19.115254845679491 ] ] ] ] } },
{ "type": "Feature", "properties": { "fid_1": 176.0, "bldg_namee": "Kalika", "bldg_no": 176, "Landmarks": null, "Edu_Bldg": null, "Comm_ctr": null, "Gov_bldg": null }, "geometry": { "type": "MultiPolygon", "coordinates": [ [ [ [ 72.835426158116817, 19.110625858878294 ], [ 72.835426158116817, 19.1105036433996 ], [ 72.83539967828338, 19.11049594478375 ], [ 72.83539967828338, 19.110463225662357 ], [ 72.835324312603618, 19.110451677735622 ], [ 72.835320238783055, 19.110492095475692 ], [ 72.835298851225275, 19.110494020129725 ], [ 72.835288666673975, 19.110612386310265 ], [ 72.835426158116817, 19.110625858878294 ] ] ] ] } },
{ "type": "Feature", "properties": { "fid_1": 180.0, "bldg_namee": "Laxdeep co-housing society", "bldg_no": 180, "Landmarks": null, "Edu_Bldg": null, "Comm_ctr": null, "Gov_bldg": null }, "geometry": { "type": "MultiPolygon", "coordinates": [ [ [ [ 72.835206171808252, 19.110602763046714 ], [ 72.835232651641689, 19.110497869437733 ], [ 72.835130806128447, 19.110482472205117 ], [ 72.835103307839887, 19.110579667211919 ], [ 72.835206171808252, 19.110602763046714 ] ] ] ] } },
{ "type": "Feature", "properties": { "fid_1": 179.0, "bldg_namee": "Lodha Palazo", "bldg_no": 179, "Landmarks": null, "Edu_Bldg": null, "Comm_ctr": null, "Gov_bldg": null }, "geometry": { "type": "MultiPolygon", "coordinates": [ [ [ [ 72.835077846461587, 19.110610461660684 ], [ 72.835089049468039, 19.110613348640037 ], [ 72.835010628422836, 19.110429544187021 ], [ 72.83494850265977, 19.110431468842052 ], [ 72.834887395351828, 19.110438205134425 ], [ 72.834789623659134, 19.110460338664613 ], [ 72.834823232678488, 19.110586403497397 ], [ 72.835077846461587, 19.110610461660684 ] ] ] ] } },
{ "type": "Feature", "properties": { "fid_1": 177.0, "bldg_namee": "Vienna", "bldg_no": 177, "Landmarks": null, "Edu_Bldg": null, "Comm_ctr": null, "Gov_bldg": null }, "geometry": { "type": "MultiPolygon", "coordinates": [ [ [ [ 72.835430231937366, 19.110892423045048 ], [ 72.835452637950269, 19.110746149588955 ], [ 72.835240799282744, 19.110698033292213 ], [ 72.835231633186567, 19.110744224937353 ], [ 72.835248946923798, 19.110752885869374 ], [ 72.835234688551949, 19.110850080742114 ], [ 72.835430231937366, 19.110892423045048 ] ] ] ] } },
{ "type": "Feature", "properties": { "fid_1": 178.0, "bldg_namee": "Divin Path", "bldg_no": 178, "Landmarks": null, "Edu_Bldg": null, "Comm_ctr": null, "Gov_bldg": null }, "geometry": { "type": "MultiPolygon", "coordinates": [ [ [ [ 72.83512571385279, 19.110806776113812 ], [ 72.835114510846338, 19.110691297028545 ], [ 72.834857860152994, 19.110664351897036 ], [ 72.834853786332474, 19.110718242155638 ], [ 72.834873136979979, 19.110749998906954 ], [ 72.834871100069705, 19.110776944024511 ], [ 72.834923041281471, 19.110780793326658 ], [ 72.834923041281471, 19.110807738439185 ], [ 72.83512571385279, 19.110806776113812 ] ] ] ] } },
{ "type": "Feature", "properties": { "fid_1": 84.0, "bldg_namee": "Shri 1008 shantinath digambar jain sarwatobhatya jinalay", "bldg_no": 84, "Landmarks": null, "Edu_Bldg": null, "Comm_ctr": null, "Gov_bldg": null }, "geometry": { "type": "MultiPolygon", "coordinates": [ [ [ [ 72.834264100810842, 19.115639502618635 ], [ 72.83419077204131, 19.115506705569985 ], [ 72.834088926528096, 19.115556745050114 ], [ 72.834164292207845, 19.115686655168208 ], [ 72.834264100810842, 19.115639502618635 ] ] ] ] } },
{ "type": "Feature", "properties": { "fid_1": 85.0, "bldg_namee": null, "bldg_no": 85, "Landmarks": null, "Edu_Bldg": null, "Comm_ctr": null, "Gov_bldg": null }, "geometry": { "type": "MultiPolygon", "coordinates": [ [ [ [ 72.834150033836011, 19.115463402161492 ], [ 72.834064483604905, 19.115319057384589 ], [ 72.833952453540334, 19.115368134622873 ], [ 72.834039022226591, 19.115524989227939 ], [ 72.834150033836011, 19.115463402161492 ] ] ] ] } },
{ "type": "Feature", "properties": { "fid_1": 86.0, "bldg_namee": null, "bldg_no": 86, "Landmarks": null, "Edu_Bldg": null, "Comm_ctr": null, "Gov_bldg": null }, "geometry": { "type": "MultiPolygon", "coordinates": [ [ [ [ 72.833967730367306, 19.115301736002898 ], [ 72.834056335963822, 19.115253621044225 ], [ 72.833966711912183, 19.115100615382531 ], [ 72.83388014322594, 19.115154504185195 ], [ 72.833967730367306, 19.115301736002898 ] ] ] ] } },
{ "type": "Feature", "properties": { "fid_1": 87.0, "bldg_namee": null, "bldg_no": 87, "Landmarks": null, "Edu_Bldg": null, "Comm_ctr": null, "Gov_bldg": null }, "geometry": { "type": "MultiPolygon", "coordinates": [ [ [ [ 72.833864866398955, 19.115109276084151 ], [ 72.833956527360854, 19.115048651163338 ], [ 72.833870977129735, 19.114894683010547 ], [ 72.833778297712712, 19.114939911170314 ], [ 72.833864866398955, 19.115109276084151 ] ] ] ] } },
{ "type": "Feature", "properties": { "fid_1": 147.0, "bldg_namee": "KL Inayaa", "bldg_no": 147, "Landmarks": null, "Edu_Bldg": null, "Comm_ctr": null, "Gov_bldg": null }, "geometry": { "type": "MultiPolygon", "coordinates": [ [ [ [ 72.835234943165602, 19.11119278834304 ], [ 72.835218647883494, 19.111065761619795 ], [ 72.83499255084412, 19.111099442957435 ], [ 72.83501801222242, 19.111233205916342 ], [ 72.835234943165602, 19.11119278834304 ] ] ] ] } },
{ "type": "Feature", "properties": { "fid_1": 146.0, "bldg_namee": "Kripanidhi", "bldg_no": 146, "Landmarks": null, "Edu_Bldg": null, "Comm_ctr": null, "Gov_bldg": null }, "geometry": { "type": "MultiPolygon", "coordinates": [ [ [ [ 72.835535387429601, 19.111312116360033 ], [ 72.835526221333438, 19.111127350360139 ], [ 72.835417246634279, 19.111121576419322 ], [ 72.835414191268868, 19.11108308347535 ], [ 72.835296050473517, 19.111077309532977 ], [ 72.835311327300516, 19.111312116360033 ], [ 72.835535387429601, 19.111312116360033 ] ] ] ] } },
{ "type": "Feature", "properties": { "fid_1": 145.0, "bldg_namee": "Krishna", "bldg_no": 145, "Landmarks": null, "Edu_Bldg": null, "Comm_ctr": null, "Gov_bldg": null }, "geometry": { "type": "MultiPolygon", "coordinates": [ [ [ [ 72.835528003629975, 19.111587220005731 ], [ 72.835528003629975, 19.111381283257636 ], [ 72.835357921622858, 19.111377433970191 ], [ 72.835360976988269, 19.111584333043741 ], [ 72.835528003629975, 19.111587220005731 ] ] ] ] } },
{ "type": "Feature", "properties": { "fid_1": 148.0, "bldg_namee": "Lov kush", "bldg_no": 148, "Landmarks": null, "Edu_Bldg": null, "Comm_ctr": null, "Gov_bldg": null }, "geometry": { "type": "MultiPolygon", "coordinates": [ [ [ [ 72.835258113019918, 19.111389944154091 ], [ 72.835259131475041, 19.111276390142514 ], [ 72.835057477358845, 19.111289862656438 ], [ 72.835060532724242, 19.111394755763026 ], [ 72.835258113019918, 19.111389944154091 ] ] ] ] } },
{ "type": "Feature", "properties": { "fid_1": 159.0, "bldg_namee": "Kalpataru Solitaire", "bldg_no": 159, "Landmarks": null, "Edu_Bldg": null, "Comm_ctr": null, "Gov_bldg": null }, "geometry": { "type": "MultiPolygon", "coordinates": [ [ [ [ 72.834313241270848, 19.111314040988646 ], [ 72.834339721104314, 19.111156220011122 ], [ 72.834346850290203, 19.111160069305058 ], [ 72.834640165368342, 19.111223582641905 ], [ 72.83461572244515, 19.111360232465767 ], [ 72.834745066246953, 19.111385252843817 ], [ 72.834787841362527, 19.111156220011122 ], [ 72.834751176977761, 19.111148521423008 ], [ 72.834771546080418, 19.111056138337581 ], [ 72.834179823648526, 19.110947395681315 ], [ 72.834152325359966, 19.11105325136533 ], [ 72.834201211206306, 19.11106576157805 ], [ 72.834168620642075, 19.111254376978263 ], [ 72.8341920451101, 19.111260150915701 ], [ 72.834186952834457, 19.111274585758387 ], [ 72.8342073219371, 19.111277472726776 ], [ 72.834201211206306, 19.111292869890658 ], [ 72.834313241270848, 19.111314040988646 ] ] ] ] } },
{ "type": "Feature", "properties": { "fid_1": 158.0, "bldg_namee": "Aradhya EVOQ", "bldg_no": 158, "Landmarks": null, "Edu_Bldg": null, "Comm_ctr": null, "Gov_bldg": null }, "geometry": { "type": "MultiPolygon", "coordinates": [ [ [ [ 72.834859642448976, 19.111759355029402 ], [ 72.834875937731098, 19.111532247388229 ], [ 72.834578548832468, 19.111472583464664 ], [ 72.834468555678185, 19.111466809535433 ], [ 72.834446149665268, 19.111728560791246 ], [ 72.834859642448976, 19.111759355029402 ] ] ] ] } },
{ "type": "Feature", "properties": { "fid_1": 144.0, "bldg_namee": "Shoa", "bldg_no": 144, "Landmarks": null, "Edu_Bldg": null, "Comm_ctr": null, "Gov_bldg": null }, "geometry": { "type": "MultiPolygon", "coordinates": [ [ [ [ 72.83557485256604, 19.111836460867124 ], [ 72.83558401866226, 19.111666130280472 ], [ 72.835368106174201, 19.111661318679431 ], [ 72.835359958533132, 19.111812402885295 ], [ 72.835460785591238, 19.111821063759155 ], [ 72.835465877866881, 19.111834536228695 ], [ 72.83557485256604, 19.111836460867124 ] ] ] ] } },
{ "type": "Feature", "properties": { "fid_1": 150.0, "bldg_namee": null, "bldg_no": 150, "Landmarks": null, "Edu_Bldg": null, "Comm_ctr": null, "Gov_bldg": null }, "geometry": { "type": "MultiPolygon", "coordinates": [ [ [ [ 72.835225522455659, 19.111895162328075 ], [ 72.835234688551864, 19.111746002837304 ], [ 72.835038126711311, 19.111743115878088 ], [ 72.835022849884311, 19.111879765225574 ], [ 72.835225522455659, 19.111895162328075 ] ] ] ] } },
{ "type": "Feature", "properties": { "fid_1": 149.0, "bldg_namee": "Sangram", "bldg_no": 149, "Landmarks": null, "Edu_Bldg": null, "Comm_ctr": null, "Gov_bldg": null }, "geometry": { "type": "MultiPolygon", "coordinates": [ [ [ [ 72.835244873103179, 19.111674791161992 ], [ 72.83523265164159, 19.111512158977714 ], [ 72.835061551179379, 19.111512158977714 ], [ 72.835027942160011, 19.111527556114442 ], [ 72.835033034435668, 19.111631486749854 ], [ 72.835043218986982, 19.111636298351758 ], [ 72.835043218986982, 19.111673828841848 ], [ 72.835244873103179, 19.111674791161992 ] ] ] ] } },
{ "type": "Feature", "properties": { "fid_1": 143.0, "bldg_namee": "AG house", "bldg_no": 143, "Landmarks": null, "Edu_Bldg": null, "Comm_ctr": null, "Gov_bldg": null }, "geometry": { "type": "MultiPolygon", "coordinates": [ [ [ [ 72.83554353507067, 19.112111804224792 ], [ 72.835563904173313, 19.11193473766355 ], [ 72.835331696403159, 19.111909717373301 ], [ 72.835321511851831, 19.112080047735915 ], [ 72.83554353507067, 19.112111804224792 ] ] ] ] } },
{ "type": "Feature", "properties": { "fid_1": 152.0, "bldg_namee": "Neel-kanth", "bldg_no": 152, "Landmarks": null, "Edu_Bldg": null, "Comm_ctr": null, "Gov_bldg": null }, "geometry": { "type": "MultiPolygon", "coordinates": [ [ [ [ 72.835048311262639, 19.112363810949365 ], [ 72.835099234019253, 19.112227162001901 ], [ 72.834954613390479, 19.112168460658815 ], [ 72.834896561447934, 19.112301260388843 ], [ 72.835048311262639, 19.112363810949365 ] ] ] ] } },
{ "type": "Feature", "properties": { "fid_1": 141.0, "bldg_namee": "Juhu Trishul", "bldg_no": 141, "Landmarks": null, "Edu_Bldg": null, "Comm_ctr": null, "Gov_bldg": null }, "geometry": { "type": "MultiPolygon", "coordinates": [ [ [ [ 72.835331441789407, 19.112691960425352 ], [ 72.835382364546035, 19.112615937584181 ], [ 72.834929152012151, 19.112372471794348 ], [ 72.834881284620934, 19.112441758537823 ], [ 72.835331441789407, 19.112691960425352 ] ] ] ] } },
{ "type": "Feature", "properties": { "fid_1": 142.0, "bldg_namee": null, "bldg_no": 142, "Landmarks": null, "Edu_Bldg": null, "Comm_ctr": null, "Gov_bldg": null }, "geometry": { "type": "MultiPolygon", "coordinates": [ [ [ [ 72.835357921622858, 19.112514894513346 ], [ 72.835386438366555, 19.11240903980147 ], [ 72.835185802705496, 19.112343602309316 ], [ 72.83514913832073, 19.112435022327929 ], [ 72.835357921622858, 19.112514894513346 ] ] ] ] } },
{ "type": "Feature", "properties": { "fid_1": 151.0, "bldg_namee": "Barkat", "bldg_no": 151, "Landmarks": null, "Edu_Bldg": null, "Comm_ctr": null, "Gov_bldg": null }, "geometry": { "type": "MultiPolygon", "coordinates": [ [ [ [ 72.835188858070893, 19.112140553455607 ], [ 72.83523061473133, 19.111975997092671 ], [ 72.835113492391116, 19.111953863768196 ], [ 72.835103307839773, 19.112005828960086 ], [ 72.834981093223902, 19.111986582594628 ], [ 72.83494544729426, 19.112106872342025 ], [ 72.835188858070893, 19.112140553455607 ] ] ] ] } },
{ "type": "Feature", "properties": { "fid_1": 154.0, "bldg_namee": "Juhu shantivan", "bldg_no": 154, "Landmarks": null, "Edu_Bldg": null, "Comm_ctr": null, "Gov_bldg": null }, "geometry": { "type": "MultiPolygon", "coordinates": [ [ [ [ 72.834374348578791, 19.112413490522535 ], [ 72.834403883777611, 19.112425038314999 ], [ 72.834449714258582, 19.112313409620747 ], [ 72.834434437431582, 19.112304748770629 ], [ 72.834485360188197, 19.112175798281875 ], [ 72.834359071751805, 19.112124795448864 ], [ 72.834259263148837, 19.112370186293617 ], [ 72.834374348578791, 19.112413490522535 ] ] ] ] } },
{ "type": "Feature", "properties": { "fid_1": 155.0, "bldg_namee": "Kadamba", "bldg_no": 155, "Landmarks": null, "Edu_Bldg": null, "Comm_ctr": null, "Gov_bldg": null }, "geometry": { "type": "MultiPolygon", "coordinates": [ [ [ [ 72.834141122353472, 19.112267699597616 ], [ 72.834154871497759, 19.112247009787396 ], [ 72.834168111414456, 19.112255670638504 ], [ 72.834173203690142, 19.11225134021301 ], [ 72.834241949411563, 19.112111804219719 ], [ 72.834150797677225, 19.112056952107366 ], [ 72.834128900891855, 19.112089670913416 ], [ 72.834067793583955, 19.112201780890945 ], [ 72.834083579638488, 19.112211404061444 ], [ 72.834069830494201, 19.112229206925374 ], [ 72.834141122353472, 19.112267699597616 ] ] ] ] } },
{ "type": "Feature", "properties": { "fid_1": 157.0, "bldg_namee": null, "bldg_no": 157, "Landmarks": null, "Edu_Bldg": null, "Comm_ctr": null, "Gov_bldg": null }, "geometry": { "type": "MultiPolygon", "coordinates": [ [ [ [ 72.834736154764556, 19.112012084028372 ], [ 72.83473819167483, 19.111876397109203 ], [ 72.834668936725834, 19.11187447247125 ], [ 72.834666899815559, 19.111818657960907 ], [ 72.834474411795568, 19.111809034767553 ], [ 72.834474411795568, 19.111888907255356 ], [ 72.834551050544277, 19.11189251595118 ], [ 72.834550795930483, 19.111924513050734 ], [ 72.83446422724424, 19.111921626094631 ], [ 72.834456079603157, 19.112003423164523 ], [ 72.834736154764556, 19.112012084028372 ] ] ] ] } },
{ "type": "Feature", "properties": { "fid_1": 153.0, "bldg_namee": "River heaven", "bldg_no": 153, "Landmarks": null, "Edu_Bldg": null, "Comm_ctr": null, "Gov_bldg": null }, "geometry": { "type": "MultiPolygon", "coordinates": [ [ [ [ 72.834583131880891, 19.112587669598071 ], [ 72.834692106580079, 19.112365374668371 ], [ 72.834594334887385, 19.112314371893437 ], [ 72.834573965784713, 19.112347090656524 ], [ 72.834548504406413, 19.112332655908897 ], [ 72.834526098393511, 19.112385583310697 ], [ 72.834506747746005, 19.112377884780578 ], [ 72.834485360188225, 19.112415415111514 ], [ 72.834499618560073, 19.112425038271923 ], [ 72.834480267912554, 19.112479890275544 ], [ 72.834532209124305, 19.112509722059347 ], [ 72.834509803111388, 19.112548214675652 ], [ 72.834583131880891, 19.112587669598071 ] ] ] ] } },
{ "type": "Feature", "properties": { "fid_1": 156.0, "bldg_namee": "Om castle", "bldg_no": 156, "Landmarks": null, "Edu_Bldg": null, "Comm_ctr": null, "Gov_bldg": null }, "geometry": { "type": "MultiPolygon", "coordinates": [ [ [ [ 72.834715021820529, 19.112234018527506 ], [ 72.834768999942554, 19.112173392543568 ], [ 72.834754741570691, 19.11214644765467 ], [ 72.83477154608039, 19.112131050573328 ], [ 72.834725715599404, 19.112084859320714 ], [ 72.834705855724337, 19.112105549154219 ], [ 72.834674283615243, 19.112077160777353 ], [ 72.834656460650436, 19.112096888293991 ], [ 72.834636091547779, 19.112081972366997 ], [ 72.834619796265642, 19.112101699883056 ], [ 72.834586187246288, 19.112078123095298 ], [ 72.834555633592316, 19.112112766537383 ], [ 72.834715021820529, 19.112234018527506 ] ] ] ] } },
{ "type": "Feature", "properties": { "fid_1": 136.0, "bldg_namee": "Aditya-C", "bldg_no": 136, "Landmarks": null, "Edu_Bldg": null, "Comm_ctr": null, "Gov_bldg": null }, "geometry": { "type": "MultiPolygon", "coordinates": [ [ [ [ 72.835162632851208, 19.113064014743543 ], [ 72.835250219992588, 19.112899459217772 ], [ 72.835160595940934, 19.112840758084154 ], [ 72.835059768882857, 19.112997615165131 ], [ 72.835162632851208, 19.113064014743543 ] ] ] ] } },
{ "type": "Feature", "properties": { "fid_1": 137.0, "bldg_namee": null, "bldg_no": 137, "Landmarks": null, "Edu_Bldg": null, "Comm_ctr": null, "Gov_bldg": null }, "geometry": { "type": "MultiPolygon", "coordinates": [ [ [ [ 72.835010263721372, 19.112943741792279 ], [ 72.835089703221684, 19.112811904872984 ], [ 72.835002116080318, 19.112763789182836 ], [ 72.834916565849198, 19.112885040695211 ], [ 72.835010263721372, 19.112943741792279 ] ] ] ] } },
{ "type": "Feature", "properties": { "fid_1": 138.0, "bldg_namee": "Jyoti signature", "bldg_no": 138, "Landmarks": null, "Edu_Bldg": null, "Comm_ctr": null, "Gov_bldg": null }, "geometry": { "type": "MultiPolygon", "coordinates": [ [ [ [ 72.834714512592981, 19.112721431295792 ], [ 72.834880011552002, 19.112812369948735 ], [ 72.834955886459355, 19.112718544353623 ], [ 72.834776638356047, 19.112616057873492 ], [ 72.834714512592981, 19.112721431295792 ] ] ] ] } },
{ "type": "Feature", "properties": { "fid_1": 139.0, "bldg_namee": "Gramodaya staff quarters", "bldg_no": 139, "Landmarks": null, "Edu_Bldg": null, "Comm_ctr": null, "Gov_bldg": null }, "geometry": { "type": "MultiPolygon", "coordinates": [ [ [ [ 72.834655951422903, 19.113059684339206 ], [ 72.834783258314431, 19.112877807255359 ], [ 72.834678357435806, 19.11279504830441 ], [ 72.834534755262126, 19.112980774729518 ], [ 72.834655951422903, 19.113059684339206 ] ] ] ] } },
{ "type": "Feature", "properties": { "fid_1": 140.0, "bldg_namee": "Gramodaya staff quarters", "bldg_no": 140, "Landmarks": null, "Edu_Bldg": null, "Comm_ctr": null, "Gov_bldg": null }, "geometry": { "type": "MultiPolygon", "coordinates": [ [ [ [ 72.834836217981319, 19.113179973305908 ], [ 72.834957414142067, 19.113014455665081 ], [ 72.834860660904496, 19.112938432972207 ], [ 72.8347252063719, 19.113109724559987 ], [ 72.834836217981319, 19.113179973305908 ] ] ] ] } },
{ "type": "Feature", "properties": { "fid_1": 135.0, "bldg_namee": "Aditya-B", "bldg_no": 135, "Landmarks": null, "Edu_Bldg": null, "Comm_ctr": null, "Gov_bldg": null }, "geometry": { "type": "MultiPolygon", "coordinates": [ [ [ [ 72.835015466084613, 19.113282940591876 ], [ 72.835133606879936, 19.113122234612813 ], [ 72.835050093559104, 19.113060646651288 ], [ 72.834931952763753, 19.1132175034456 ], [ 72.835015466084613, 19.113282940591876 ] ] ] ] } },
{ "type": "Feature", "properties": { "fid_1": 134.0, "bldg_namee": "AdityA", "bldg_no": 134, "Landmarks": null, "Edu_Bldg": null, "Comm_ctr": null, "Gov_bldg": null }, "geometry": { "type": "MultiPolygon", "coordinates": [ [ [ [ 72.834794970548074, 19.113536749866405 ], [ 72.834956904914108, 19.113357760197005 ], [ 72.8348896868754, 19.113293285376152 ], [ 72.834864225497071, 19.113319267769665 ], [ 72.834745066246612, 19.113232659775388 ], [ 72.834603500983206, 19.113383742580385 ], [ 72.834794970548074, 19.113536749866405 ] ] ] ] } },
{ "type": "Feature", "properties": { "fid_1": 133.0, "bldg_namee": "Gramodaya staff quarters K-4", "bldg_no": 133, "Landmarks": null, "Edu_Bldg": null, "Comm_ctr": null, "Gov_bldg": null }, "geometry": { "type": "MultiPolygon", "coordinates": [ [ [ [ 72.834528644531346, 19.113308922981009 ], [ 72.834612157852192, 19.113222315001348 ], [ 72.834474666409349, 19.113093365258699 ], [ 72.834388097723092, 19.113183822551392 ], [ 72.834528644531346, 19.113308922981009 ] ] ] ] } },
{ "type": "Feature", "properties": { "fid_1": 131.0, "bldg_namee": "Swatimitra  wing-A", "bldg_no": 131, "Landmarks": null, "Edu_Bldg": null, "Comm_ctr": null, "Gov_bldg": null }, "geometry": { "type": "MultiPolygon", "coordinates": [ [ [ [ 72.834316805863466, 19.113498257492058 ], [ 72.834397263818914, 19.113414536539835 ], [ 72.83427403074792, 19.113300983916204 ], [ 72.834191535882184, 19.113387591856537 ], [ 72.834316805863466, 19.113498257492058 ] ] ] ] } },
{ "type": "Feature", "properties": { "fid_1": 130.0, "bldg_namee": "Swatimitra  wing-B", "bldg_no": 130, "Landmarks": null, "Edu_Bldg": null, "Comm_ctr": null, "Gov_bldg": null }, "geometry": { "type": "MultiPolygon", "coordinates": [ [ [ [ 72.834410393266523, 19.113617084522122 ], [ 72.834509183414369, 19.113501607388638 ], [ 72.834434836189715, 19.113439057241003 ], [ 72.834334009131624, 19.113550685180215 ], [ 72.834410393266523, 19.113617084522122 ] ] ] ] } },
{ "type": "Feature", "properties": { "fid_1": 129.0, "bldg_namee": "Juhu Jivan", "bldg_no": 129, "Landmarks": null, "Edu_Bldg": null, "Comm_ctr": null, "Gov_bldg": null }, "geometry": { "type": "MultiPolygon", "coordinates": [ [ [ [ 72.834510498480512, 19.113809064596872 ], [ 72.83465715601956, 19.113662793726309 ], [ 72.83456956887818, 19.113565600510476 ], [ 72.834416800608324, 19.113700323764643 ], [ 72.834510498480512, 19.113809064596872 ] ] ] ] } },
{ "type": "Feature", "properties": { "fid_1": 128.0, "bldg_namee": "Juhu Harshal", "bldg_no": 128, "Landmarks": null, "Edu_Bldg": null, "Comm_ctr": null, "Gov_bldg": null }, "geometry": { "type": "MultiPolygon", "coordinates": [ [ [ [ 72.834228709494511, 19.114029451497423 ], [ 72.834445640437693, 19.113874520036944 ], [ 72.834328518097465, 19.113744608451952 ], [ 72.834130937801802, 19.113885105420856 ], [ 72.834228709494511, 19.114029451497423 ] ] ] ] } },
{ "type": "Feature", "properties": { "fid_1": 132.0, "bldg_namee": "Avenue-9", "bldg_no": 132, "Landmarks": null, "Edu_Bldg": null, "Comm_ctr": null, "Gov_bldg": null }, "geometry": { "type": "MultiPolygon", "coordinates": [ [ [ [ 72.83408459809327, 19.113800422412559 ], [ 72.834168111414115, 19.113621433050479 ], [ 72.834216997260469, 19.113521352892604 ], [ 72.834056081349587, 19.113425121914439 ], [ 72.834013306234027, 19.113473237410521 ], [ 72.833991918676233, 19.113508842868608 ], [ 72.833987844855713, 19.113533862915659 ], [ 72.833976641849262, 19.113640679227746 ], [ 72.833961365022262, 19.11366954848944 ], [ 72.833947106650427, 19.113742683929829 ], [ 72.83408459809327, 19.113800422412559 ] ] ] ] } },
{ "type": "Feature", "properties": { "fid_1": 127.0, "bldg_namee": "Juhu Natraj", "bldg_no": 127, "Landmarks": null, "Edu_Bldg": null, "Comm_ctr": null, "Gov_bldg": null }, "geometry": { "type": "MultiPolygon", "coordinates": [ [ [ [ 72.834144686946061, 19.114079491440172 ], [ 72.834009232413493, 19.113863934697729 ], [ 72.833861556419308, 19.113944768509082 ], [ 72.833905349989976, 19.114001544614847 ], [ 72.83395423583633, 19.114074679908811 ], [ 72.83395423583633, 19.114087189890054 ], [ 72.833974604938987, 19.114161287451921 ], [ 72.834144686946061, 19.114079491440172 ] ] ] ] } },
{ "type": "Feature", "properties": { "fid_1": 43.0, "bldg_namee": "Park Grandeur", "bldg_no": 43, "Landmarks": null, "Edu_Bldg": null, "Comm_ctr": null, "Gov_bldg": null }, "geometry": { "type": "MultiPolygon", "coordinates": [ [ [ [ 72.833474543469052, 19.114141079048977 ], [ 72.833508152488406, 19.113959203112643 ], [ 72.83319141294227, 19.113886067759093 ], [ 72.833162896198573, 19.113896653141211 ], [ 72.83315271164723, 19.113958240805569 ], [ 72.833280018538773, 19.114210365067336 ], [ 72.833305479917058, 19.114207478150483 ], [ 72.833315664468415, 19.114176684367596 ], [ 72.833391030148192, 19.114176684367596 ], [ 72.833474543469052, 19.114141079048977 ] ] ] ] } },
{ "type": "Feature", "properties": { "fid_1": 42.0, "bldg_namee": "Juhu Sheetal", "bldg_no": 42, "Landmarks": null, "Edu_Bldg": null, "Comm_ctr": null, "Gov_bldg": null }, "geometry": { "type": "MultiPolygon", "coordinates": [ [ [ [ 72.833597776540017, 19.114357597647036 ], [ 72.83353055850128, 19.114199779586894 ], [ 72.833314646013235, 19.114276764025302 ], [ 72.833375753321192, 19.114434582011949 ], [ 72.833597776540017, 19.114357597647036 ] ] ] ] } },
{ "type": "Feature", "properties": { "fid_1": 41.0, "bldg_namee": "VYOM chhaya vihar CHS.LTD", "bldg_no": 41, "Landmarks": null, "Edu_Bldg": null, "Comm_ctr": null, "Gov_bldg": null }, "geometry": { "type": "MultiPolygon", "coordinates": [ [ [ [ 72.833144564006162, 19.114515415534996 ], [ 72.83329325845547, 19.114457677287188 ], [ 72.833185302211447, 19.114207477980351 ], [ 72.833025404755688, 19.114270990147936 ], [ 72.833144564006162, 19.114515415534996 ] ] ] ] } },
{ "type": "Feature", "properties": { "fid_1": 40.0, "bldg_namee": "ONGC", "bldg_no": 40, "Landmarks": null, "Edu_Bldg": null, "Comm_ctr": null, "Gov_bldg": null }, "geometry": { "type": "MultiPolygon", "coordinates": [ [ [ [ 72.833116556490012, 19.114151664367768 ], [ 72.833041190810235, 19.113979411543976 ], [ 72.832947492938075, 19.114016941504115 ], [ 72.833017766342195, 19.114195930427574 ], [ 72.833116556490012, 19.114151664367768 ] ] ] ] } },
{ "type": "Feature", "properties": { "fid_1": 0.0, "bldg_namee": "Russell Square International College", "bldg_no": 0, "Landmarks": "yes", "Edu_Bldg": "yes", "Comm_ctr": null, "Gov_bldg": null }, "geometry": { "type": "MultiPolygon", "coordinates": [ [ [ [ 72.834375367033871, 19.112859523304628 ], [ 72.834505729290854, 19.11269689228563 ], [ 72.834061682853175, 19.11236008197427 ], [ 72.833712352742751, 19.112790236736213 ], [ 72.833867157922867, 19.112913412837784 ], [ 72.834089181141721, 19.112642040367412 ], [ 72.834375367033871, 19.112859523304628 ] ] ] ] } },
{ "type": "Feature", "properties": { "fid_1": 0.0, "bldg_namee": "A la mode banquets", "bldg_no": 0, "Landmarks": "yes", "Edu_Bldg": "yes", "Comm_ctr": null, "Gov_bldg": null }, "geometry": { "type": "MultiPolygon", "coordinates": [ [ [ [ 72.833788736877679, 19.113099139129918 ], [ 72.83389873003199, 19.112962490790171 ], [ 72.833673651447739, 19.112794085990775 ], [ 72.83356671365884, 19.112927847531171 ], [ 72.833788736877679, 19.113099139129918 ] ] ] ] } },
{ "type": "Feature", "properties": { "fid_1": 0.0, "bldg_namee": "Ecole Mondiale World School", "bldg_no": 0, "Landmarks": "yes", "Edu_Bldg": "yes", "Comm_ctr": null, "Gov_bldg": null }, "geometry": { "type": "MultiPolygon", "coordinates": [ [ [ [ 72.833882434749825, 19.113243485845015 ], [ 72.834027055378627, 19.11306930745975 ], [ 72.833906877673002, 19.112967302353361 ], [ 72.833756146313448, 19.113148217027195 ], [ 72.833882434749825, 19.113243485845015 ] ] ] ] } },
{ "type": "Feature", "properties": { "fid_1": 162.0, "bldg_namee": "Shwetambari apartments", "bldg_no": 162, "Landmarks": null, "Edu_Bldg": null, "Comm_ctr": null, "Gov_bldg": null }, "geometry": { "type": "MultiPolygon", "coordinates": [ [ [ [ 72.833951180471274, 19.112073792670177 ], [ 72.834020435420271, 19.111905386965631 ], [ 72.833883962432537, 19.111848610146581 ], [ 72.833817762848938, 19.112024714453987 ], [ 72.833951180471274, 19.112073792670177 ] ] ] ] } },
{ "type": "Feature", "properties": { "fid_1": 160.0, "bldg_namee": "Jay Maharashtra Vastu Vikas C.H.S LTD", "bldg_no": 160, "Landmarks": null, "Edu_Bldg": null, "Comm_ctr": null, "Gov_bldg": null }, "geometry": { "type": "MultiPolygon", "coordinates": [ [ [ [ 72.834312732042889, 19.111690067993592 ], [ 72.834315787408315, 19.111439864588199 ], [ 72.834214960350224, 19.111428316729569 ], [ 72.834206812709155, 19.111683331753014 ], [ 72.834312732042889, 19.111690067993592 ] ] ] ] } },
{ "type": "Feature", "properties": { "fid_1": 170.0, "bldg_namee": "Juhu Karmayog CHS.LTD", "bldg_no": 170, "Landmarks": null, "Edu_Bldg": null, "Comm_ctr": null, "Gov_bldg": null }, "geometry": { "type": "MultiPolygon", "coordinates": [ [ [ [ 72.833328395157551, 19.111577957669137 ], [ 72.833515790901885, 19.111554861964944 ], [ 72.833515790901885, 19.111489424118837 ], [ 72.833464868145256, 19.111331603324675 ], [ 72.833407834657862, 19.11114298803162 ], [ 72.833224512734063, 19.111191104198248 ], [ 72.833328395157551, 19.111577957669137 ] ] ] ] } },
{ "type": "Feature", "properties": { "fid_1": 167.0, "bldg_namee": "Kabra Prarthana", "bldg_no": 167, "Landmarks": null, "Edu_Bldg": null, "Comm_ctr": null, "Gov_bldg": null }, "geometry": { "type": "MultiPolygon", "coordinates": [ [ [ [ 72.833800958338912, 19.111191104278333 ], [ 72.833743924851504, 19.110987091628537 ], [ 72.83351171708135, 19.111061190591762 ], [ 72.833571805934156, 19.111241145078523 ], [ 72.833800958338912, 19.111191104278333 ] ] ] ] } },
{ "type": "Feature", "properties": { "fid_1": 166.0, "bldg_namee": "Juhu Vishal- 4", "bldg_no": 166, "Landmarks": null, "Edu_Bldg": null, "Comm_ctr": null, "Gov_bldg": null }, "geometry": { "type": "MultiPolygon", "coordinates": [ [ [ [ 72.834039276840244, 19.111025825241462 ], [ 72.834012797006793, 19.110843945920443 ], [ 72.833870213288279, 19.110856456144699 ], [ 72.83388549011525, 19.11104507171876 ], [ 72.834039276840244, 19.111025825241462 ] ] ] ] } },
{ "type": "Feature", "properties": { "fid_1": 165.0, "bldg_namee": "Juhu Vishal- 3", "bldg_no": 165, "Landmarks": null, "Edu_Bldg": null, "Comm_ctr": null, "Gov_bldg": null }, "geometry": { "type": "MultiPolygon", "coordinates": [ [ [ [ 72.834073904314749, 19.111277953916456 ], [ 72.834051498301847, 19.111093187902188 ], [ 72.833892619301182, 19.111109547401369 ], [ 72.833914006858961, 19.111290464107878 ], [ 72.834073904314749, 19.111277953916456 ] ] ] ] } },
{ "type": "Feature", "properties": { "fid_1": 168.0, "bldg_namee": "Kabra Primera", "bldg_no": 168, "Landmarks": null, "Edu_Bldg": null, "Comm_ctr": null, "Gov_bldg": null }, "geometry": { "type": "MultiPolygon", "coordinates": [ [ [ [ 72.833789613358505, 19.111918244489377 ], [ 72.83382678697086, 19.111763311053625 ], [ 72.833854285259406, 19.111630510850304 ], [ 72.833848174528612, 19.111508296076199 ], [ 72.833820676240023, 19.111313907036781 ], [ 72.833649575777812, 19.111332191164092 ], [ 72.833665871059907, 19.111542939643385 ], [ 72.833671981790715, 19.11160452818935 ], [ 72.833648557322661, 19.111684400800751 ], [ 72.833597634566047, 19.111886487958468 ], [ 72.833789613358505, 19.111918244489377 ] ] ] ] } },
{ "type": "Feature", "properties": { "fid_1": 163.0, "bldg_namee": "Juhu Vishal- 1", "bldg_no": 163, "Landmarks": null, "Edu_Bldg": null, "Comm_ctr": null, "Gov_bldg": null }, "geometry": { "type": "MultiPolygon", "coordinates": [ [ [ [ 72.834068812039078, 19.111812042015497 ], [ 72.834088671914145, 19.111612841791093 ], [ 72.833931829823769, 19.111594557700499 ], [ 72.83391757145192, 19.111789908669092 ], [ 72.834068812039078, 19.111812042015497 ] ] ] ] } },
{ "type": "Feature", "properties": { "fid_1": 164.0, "bldg_namee": "Juhu Vishal- 2", "bldg_no": 164, "Landmarks": null, "Edu_Bldg": null, "Comm_ctr": null, "Gov_bldg": null }, "geometry": { "type": "MultiPolygon", "coordinates": [ [ [ [ 72.8340560813499, 19.111557027192408 ], [ 72.834075431997405, 19.111527195244008 ], [ 72.834075431997405, 19.111461757402871 ], [ 72.834065247446077, 19.111346278796518 ], [ 72.833914516086509, 19.111352052728755 ], [ 72.83391960836218, 19.111529119886004 ], [ 72.8340560813499, 19.111557027192408 ] ] ] ] } },
{ "type": "Feature", "properties": { "fid_1": 169.0, "bldg_namee": "AI-Sana House", "bldg_no": 169, "Landmarks": null, "Edu_Bldg": null, "Comm_ctr": null, "Gov_bldg": null }, "geometry": { "type": "MultiPolygon", "coordinates": [ [ [ [ 72.833402742382191, 19.111811801435671 ], [ 72.833433296036162, 19.111773308652239 ], [ 72.833419037664314, 19.111752137617518 ], [ 72.833433296036162, 19.11173866513948 ], [ 72.833423111484848, 19.111728079620239 ], [ 72.833432277581053, 19.111719418740371 ], [ 72.833420056119451, 19.111701134659153 ], [ 72.833433296036162, 19.111682850575889 ], [ 72.833370151817974, 19.111627998314006 ], [ 72.833275435490663, 19.111702096979258 ], [ 72.833402742382191, 19.111811801435671 ] ] ] ] } },
{ "type": "Feature", "properties": { "fid_1": 0.0, "bldg_namee": "Vidhyanidhi educational complex", "bldg_no": 0, "Landmarks": "yes", "Edu_Bldg": "yes", "Comm_ctr": null, "Gov_bldg": null }, "geometry": { "type": "MultiPolygon", "coordinates": [ [ [ [ 72.83280185385405, 19.112102782521223 ], [ 72.832904717822416, 19.112047930401094 ], [ 72.832766207924408, 19.111804463753447 ], [ 72.832765189469285, 19.111791953599806 ], [ 72.832794724668119, 19.111762121691172 ], [ 72.832856850431199, 19.111763084010885 ], [ 72.833065633733327, 19.111770782568431 ], [ 72.833070726008984, 19.111589866371524 ], [ 72.83288434871973, 19.11159082869224 ], [ 72.83287823798895, 19.111574469239233 ], [ 72.833064615278175, 19.111467651594555 ], [ 72.833013692521561, 19.111371419423154 ], [ 72.832716303622945, 19.111529240154873 ], [ 72.832721395898602, 19.111540788007378 ], [ 72.832704082161342, 19.111550411217181 ], [ 72.832694916065165, 19.111561959068201 ], [ 72.832684731513837, 19.111698608577434 ], [ 72.832666399321454, 19.11173132745725 ], [ 72.832655196315002, 19.111815049267317 ], [ 72.832663343956057, 19.111833333335134 ], [ 72.832653159404757, 19.111844881166405 ], [ 72.83280185385405, 19.112102782521223 ] ] ] ] } },
{ "type": "Feature", "properties": { "fid_1": 0.0, "bldg_namee": "Kamla Rheja Vidyanidhi institute for architecture and environmental studies", "bldg_no": 0, "Landmarks": "yes", "Edu_Bldg": "yes", "Comm_ctr": null, "Gov_bldg": null }, "geometry": { "type": "MultiPolygon", "coordinates": [ [ [ [ 72.831994218934128, 19.11212058537161 ], [ 72.832040049415085, 19.112097008590833 ], [ 72.832064492338247, 19.112129727387728 ], [ 72.83216328248605, 19.112071988330019 ], [ 72.832152079479599, 19.112034457931706 ], [ 72.832215223697816, 19.11200270143415 ], [ 72.832237629710733, 19.112036382567716 ], [ 72.832279386371169, 19.112021947797036 ], [ 72.832391416435712, 19.112227883739553 ], [ 72.832435210006395, 19.112209599717648 ], [ 72.832492243493817, 19.112289472008992 ], [ 72.832562516897937, 19.112253866293514 ], [ 72.832509557231035, 19.112185541791018 ], [ 72.832566590718486, 19.112156672274416 ], [ 72.832419933179423, 19.111924753641606 ], [ 72.832389379525466, 19.111903582629878 ], [ 72.832371047333083, 19.111905988426802 ], [ 72.832197909960598, 19.111840550737991 ], [ 72.832173467037435, 19.11180590724522 ], [ 72.831892373420899, 19.111956991313367 ], [ 72.831994218934128, 19.11212058537161 ] ] ] ] } },
{ "type": "Feature", "properties": { "fid_1": 0.0, "bldg_namee": "Arya vidya Mandir", "bldg_no": 0, "Landmarks": "yes", "Edu_Bldg": "yes", "Comm_ctr": null, "Gov_bldg": null }, "geometry": { "type": "MultiPolygon", "coordinates": [ [ [ [ 72.832274803323102, 19.113014816548919 ], [ 72.832348132092619, 19.113078329161596 ], [ 72.832429608503205, 19.11297632404451 ], [ 72.832454051426396, 19.112997494923039 ], [ 72.832525343285653, 19.112920509897201 ], [ 72.83250090036249, 19.112627966472104 ], [ 72.832409239400562, 19.112556755165297 ], [ 72.832418914724329, 19.112541358121955 ], [ 72.832297209336033, 19.112453787410679 ], [ 72.832235592800529, 19.112514413292658 ], [ 72.832237629710789, 19.112531253811476 ], [ 72.832268692592322, 19.112558198638038 ], [ 72.832193326912531, 19.112646731608663 ], [ 72.832216242152995, 19.11288875356361 ], [ 72.83222438979405, 19.112909924453351 ], [ 72.832305866204649, 19.112974399419059 ], [ 72.832274803323102, 19.113014816548919 ] ] ] ] } },
{ "type": "Feature", "properties": { "fid_1": 83.0, "bldg_namee": null, "bldg_no": 83, "Landmarks": null, "Edu_Bldg": null, "Comm_ctr": null, "Gov_bldg": null }, "geometry": { "type": "MultiPolygon", "coordinates": [ [ [ [ 72.833944560512805, 19.11564443439098 ], [ 72.833937431326888, 19.115648283579088 ], [ 72.833967984980859, 19.115693511532672 ], [ 72.833997520179693, 19.115718531246355 ], [ 72.834027055378527, 19.115729116508692 ], [ 72.83406677512869, 19.115727191915596 ], [ 72.834089181141593, 19.115725267322482 ], [ 72.834132974712276, 19.115698323016368 ], [ 72.834041313750376, 19.115579960476808 ], [ 72.833944560512805, 19.11564443439098 ] ] ] ] } },
{ "type": "Feature", "properties": { "fid_1": 82.0, "bldg_namee": null, "bldg_no": 82, "Landmarks": null, "Edu_Bldg": null, "Comm_ctr": null, "Gov_bldg": null }, "geometry": { "type": "MultiPolygon", "coordinates": [ [ [ [ 72.833915025313985, 19.115612678585645 ], [ 72.833993446359173, 19.115565526014965 ], [ 72.833912988403725, 19.11542791741546 ], [ 72.833823364352085, 19.115479881515448 ], [ 72.833915025313985, 19.115612678585645 ] ] ] ] } },
{ "type": "Feature", "properties": { "fid_1": 81.0, "bldg_namee": "Kunal Rawal", "bldg_no": 81, "Landmarks": null, "Edu_Bldg": null, "Comm_ctr": null, "Gov_bldg": null }, "geometry": { "type": "MultiPolygon", "coordinates": [ [ [ [ 72.833760220133868, 19.115345159741029 ], [ 72.833875305563822, 19.115292233299613 ], [ 72.833814198255865, 19.115181568867349 ], [ 72.833714389652897, 19.11523449534419 ], [ 72.833734758755554, 19.115270100419085 ], [ 72.833716426563157, 19.115283572607577 ], [ 72.833760220133868, 19.115345159741029 ] ] ] ] } },
{ "type": "Feature", "properties": { "fid_1": 80.0, "bldg_namee": "Manwani House", "bldg_no": 80, "Landmarks": null, "Edu_Bldg": null, "Comm_ctr": null, "Gov_bldg": null }, "geometry": { "type": "MultiPolygon", "coordinates": [ [ [ [ 72.833661429986037, 19.115215249354574 ], [ 72.8337673493198, 19.115150775273019 ], [ 72.833687909819503, 19.115036261543786 ], [ 72.833579953575452, 19.115093037268196 ], [ 72.833661429986037, 19.115215249354574 ] ] ] ] } },
{ "type": "Feature", "properties": { "fid_1": 79.0, "bldg_namee": "JP Villa", "bldg_no": 79, "Landmarks": null, "Edu_Bldg": null, "Comm_ctr": null, "Gov_bldg": null }, "geometry": { "type": "MultiPolygon", "coordinates": [ [ [ [ 72.833516809357235, 19.114971787392424 ], [ 72.833642079338517, 19.114902501709214 ], [ 72.833585045851095, 19.114809158451173 ], [ 72.833546344556083, 19.114827442186289 ], [ 72.833455702049292, 19.114880368776511 ], [ 72.833516809357235, 19.114971787392424 ] ] ] ] } },
{ "type": "Feature", "properties": { "fid_1": 78.0, "bldg_namee": "Prabhu jyoth", "bldg_no": 78, "Landmarks": null, "Edu_Bldg": null, "Comm_ctr": null, "Gov_bldg": null }, "geometry": { "type": "MultiPolygon", "coordinates": [ [ [ [ 72.833568750569, 19.114779327089572 ], [ 72.833681799088666, 19.114718702046712 ], [ 72.833606433408903, 19.114591678075289 ], [ 72.833491347978949, 19.114666737706553 ], [ 72.833568750569, 19.114779327089572 ] ] ] ] } },
{ "type": "Feature", "properties": { "fid_1": 77.0, "bldg_namee": "Mothercare Clinic", "bldg_no": 77, "Landmarks": null, "Edu_Bldg": null, "Comm_ctr": null, "Gov_bldg": null }, "geometry": { "type": "MultiPolygon", "coordinates": [ [ [ [ 72.833432277581252, 19.114825517582702 ], [ 72.833480144972484, 19.114793761613971 ], [ 72.83342081996102, 19.114701621178792 ], [ 72.833494403344332, 19.114658317559414 ], [ 72.833461812780101, 19.114603225673456 ], [ 72.833346727350104, 19.114657114648605 ], [ 72.833339598164201, 19.114680209918284 ], [ 72.833432277581252, 19.114825517582702 ] ] ] ] } },
{ "type": "Feature", "properties": { "fid_1": 75.0, "bldg_namee": "Juhu Acropolis", "bldg_no": 75, "Landmarks": null, "Edu_Bldg": null, "Comm_ctr": null, "Gov_bldg": null }, "geometry": { "type": "MultiPolygon", "coordinates": [ [ [ [ 72.832859651183085, 19.114959758630071 ], [ 72.832959459786053, 19.114959758630071 ], [ 72.832960478241176, 19.114976117752423 ], [ 72.833034825465845, 19.114977080053684 ], [ 72.833035843920968, 19.114950135616159 ], [ 72.83316111390225, 19.114951097917558 ], [ 72.833173335363838, 19.114973230848602 ], [ 72.833215092024261, 19.114956871725944 ], [ 72.83322120275507, 19.114970343944726 ], [ 72.833251756409027, 19.114961683232774 ], [ 72.833271107056547, 19.11497419314988 ], [ 72.833318974447764, 19.114948211013306 ], [ 72.833197778287001, 19.114742278378955 ], [ 72.833117320331553, 19.114740353773691 ], [ 72.832950293689876, 19.114741316076323 ], [ 72.832950293689876, 19.114758637522833 ], [ 72.832889186381934, 19.114757675220311 ], [ 72.832888167926782, 19.114765373640445 ], [ 72.832857614272825, 19.114764411337948 ], [ 72.832859651183085, 19.114959758630071 ] ] ] ] } },
{ "type": "Feature", "properties": { "fid_1": 72.0, "bldg_namee": "Juhu Ankur", "bldg_no": 72, "Landmarks": null, "Edu_Bldg": null, "Comm_ctr": null, "Gov_bldg": null }, "geometry": { "type": "MultiPolygon", "coordinates": [ [ [ [ 72.833748762513579, 19.11578733542169 ], [ 72.833740614872539, 19.115706502488081 ], [ 72.833668304558117, 19.115712276270369 ], [ 72.833645898545214, 19.115595838288687 ], [ 72.833568495955149, 19.115592951395531 ], [ 72.833574606685943, 19.115701691002688 ], [ 72.833384155576198, 19.115729597615999 ], [ 72.833402487768581, 19.115831601059064 ], [ 72.833748762513579, 19.11578733542169 ] ] ] ] } },
{ "type": "Feature", "properties": { "fid_1": 73.0, "bldg_namee": "Alaknanda", "bldg_no": 73, "Landmarks": null, "Edu_Bldg": null, "Comm_ctr": null, "Gov_bldg": null }, "geometry": { "type": "MultiPolygon", "coordinates": [ [ [ [ 72.833296568434832, 19.11569110579077 ], [ 72.833371424887062, 19.115689662345197 ], [ 72.833373971024898, 19.115621820389254 ], [ 72.833455447435469, 19.115620858091809 ], [ 72.833456465890634, 19.115571299765687 ], [ 72.833471742717606, 19.115571780914554 ], [ 72.83347123349003, 19.115553016107633 ], [ 72.833499750233756, 19.11555397840548 ], [ 72.833500259461303, 19.115492872481362 ], [ 72.83351451783318, 19.115490947884961 ], [ 72.833661175372214, 19.115492872481362 ], [ 72.833577662051368, 19.115360075277053 ], [ 72.833288420793806, 19.11536199987497 ], [ 72.833296568434832, 19.11569110579077 ] ] ] ] } },
{ "type": "Feature", "properties": { "fid_1": 71.0, "bldg_namee": "Juhu Neel Sagar", "bldg_no": 71, "Landmarks": null, "Edu_Bldg": null, "Comm_ctr": null, "Gov_bldg": null }, "geometry": { "type": "MultiPolygon", "coordinates": [ [ [ [ 72.833211782044913, 19.115830879337185 ], [ 72.833212800500036, 19.115768330091207 ], [ 72.833187339121721, 19.115763518609775 ], [ 72.833186320666599, 19.115703856228269 ], [ 72.833213818955173, 19.115703856228269 ], [ 72.833212800500036, 19.115650929904067 ], [ 72.832935780704048, 19.11565285449797 ], [ 72.832935780704048, 19.115708667711445 ], [ 72.832966334358019, 19.115711554601283 ], [ 72.832966334358019, 19.115725989049718 ], [ 72.833031515486496, 19.115729838235762 ], [ 72.833033552396756, 19.115753895646463 ], [ 72.832965315902896, 19.115753895646463 ], [ 72.832968371268279, 19.115770254683738 ], [ 72.832936799159185, 19.115770254683738 ], [ 72.832933743793788, 19.115832803929003 ], [ 72.833211782044913, 19.115830879337185 ] ] ] ] } },
{ "type": "Feature", "properties": { "fid_1": 70.0, "bldg_namee": "Goldmist", "bldg_no": 70, "Landmarks": null, "Edu_Bldg": null, "Comm_ctr": null, "Gov_bldg": null }, "geometry": { "type": "MultiPolygon", "coordinates": [ [ [ [ 72.832822477570758, 19.115859026491336 ], [ 72.832836735942607, 19.115851328124862 ], [ 72.832838772852881, 19.115789741180166 ], [ 72.832819422205347, 19.115787816587773 ], [ 72.832818403750224, 19.11571275746703 ], [ 72.83283775439773, 19.115713719763672 ], [ 72.832834699032333, 19.115664642628115 ], [ 72.832573974518468, 19.115667529518841 ], [ 72.832576011428714, 19.115722380433134 ], [ 72.832600454351919, 19.115721418136552 ], [ 72.832598417441645, 19.115791665772544 ], [ 72.832562771512031, 19.115789741180166 ], [ 72.832562771512031, 19.115857101899756 ], [ 72.832822477570758, 19.115859026491336 ] ] ] ] } },
{ "type": "Feature", "properties": { "fid_1": 74.0, "bldg_namee": "Juhu Shalimar", "bldg_no": 74, "Landmarks": null, "Edu_Bldg": null, "Comm_ctr": null, "Gov_bldg": null }, "geometry": { "type": "MultiPolygon", "coordinates": [ [ [ [ 72.833190649101098, 19.115273468466512 ], [ 72.833191667556221, 19.115241712586595 ], [ 72.833292494614327, 19.11524267488608 ], [ 72.833292494614327, 19.115267694670621 ], [ 72.833367860294118, 19.115269619269277 ], [ 72.833366841838966, 19.11516280401009 ], [ 72.833296568434832, 19.115161841710147 ], [ 72.833298605345121, 19.115134897309382 ], [ 72.833361749563323, 19.115135859609477 ], [ 72.833362768018446, 19.115067536288269 ], [ 72.833345454281186, 19.115067536288269 ], [ 72.833344435826064, 19.115036742669478 ], [ 72.833294531524572, 19.1150357803688 ], [ 72.833293513069449, 19.115069460889249 ], [ 72.833185556825427, 19.115067536288269 ], [ 72.83318453837029, 19.115037704970149 ], [ 72.833136670979073, 19.1150357803688 ], [ 72.833135652523936, 19.115079083893839 ], [ 72.83311222805591, 19.115080046194265 ], [ 72.833115283421293, 19.115145482610206 ], [ 72.833198796742124, 19.115142595710044 ], [ 72.83320185210755, 19.115169540109555 ], [ 72.833111209600759, 19.115172427009242 ], [ 72.833113246511033, 19.115271543867909 ], [ 72.833190649101098, 19.115273468466512 ] ] ] ] } },
{ "type": "Feature", "properties": { "fid_1": 69.0, "bldg_namee": "Juhu Ajanta CHS", "bldg_no": 69, "Landmarks": null, "Edu_Bldg": null, "Comm_ctr": null, "Gov_bldg": null }, "geometry": { "type": "MultiPolygon", "coordinates": [ [ [ [ 72.832300264701502, 19.115866003135672 ], [ 72.832302301611762, 19.1158332850754 ], [ 72.832371556560759, 19.115832322779401 ], [ 72.832370538105621, 19.115861191656617 ], [ 72.83244081150977, 19.115864078544067 ], [ 72.83244488533029, 19.115841945739039 ], [ 72.832477475894521, 19.115840983443096 ], [ 72.83247849434963, 19.115795755527696 ], [ 72.832434700778975, 19.11579479323148 ], [ 72.832434700778975, 19.115696638988958 ], [ 72.832471365163698, 19.115697601285735 ], [ 72.832475438984261, 19.115651411034055 ], [ 72.832208603739602, 19.115649486439953 ], [ 72.832210640649862, 19.115700488176035 ], [ 72.832239157393545, 19.115705299659755 ], [ 72.832238138938422, 19.115735130855715 ], [ 72.832305356977173, 19.115734168559161 ], [ 72.832307393887433, 19.115766886639044 ], [ 72.832240175848696, 19.115765924342671 ], [ 72.832236102028176, 19.115805378489455 ], [ 72.832201474553656, 19.115806340785603 ], [ 72.832201474553656, 19.115846757218645 ], [ 72.832232028207628, 19.115848681810444 ], [ 72.832234065117888, 19.115866003135672 ], [ 72.832300264701502, 19.115866003135672 ] ] ] ] } },
{ "type": "Feature", "properties": { "fid_1": 68.0, "bldg_namee": "Crystal CHS", "bldg_no": 68, "Landmarks": null, "Edu_Bldg": null, "Comm_ctr": null, "Gov_bldg": null }, "geometry": { "type": "MultiPolygon", "coordinates": [ [ [ [ 72.831928019350585, 19.115873220353787 ], [ 72.83193107471601, 19.11584435147774 ], [ 72.83199931120987, 19.115845313773693 ], [ 72.831997274299596, 19.115867446578978 ], [ 72.832070603069113, 19.115872258058001 ], [ 72.832077732255058, 19.115804897339 ], [ 72.832100138267975, 19.11580201045043 ], [ 72.832099119812824, 19.115712516879739 ], [ 72.832065510793441, 19.115708667692822 ], [ 72.83206958461399, 19.115653816769427 ], [ 72.831991163568802, 19.115649967581138 ], [ 72.831990145113664, 19.115674025006477 ], [ 72.831927000895476, 19.115674987303422 ], [ 72.831922927074928, 19.115649005284048 ], [ 72.831852653670808, 19.115650929878228 ], [ 72.831852653670808, 19.115718290659952 ], [ 72.831826173837356, 19.115719252956637 ], [ 72.831829229202754, 19.115805859635181 ], [ 72.831858764401588, 19.115809708819842 ], [ 72.831855709036219, 19.115871295762208 ], [ 72.831928019350585, 19.115873220353787 ] ] ] ] } },
{ "type": "Feature", "properties": { "fid_1": 62.0, "bldg_namee": "Saurashtra Appartment", "bldg_no": 62, "Landmarks": null, "Edu_Bldg": null, "Comm_ctr": null, "Gov_bldg": null }, "geometry": { "type": "MultiPolygon", "coordinates": [ [ [ [ 72.831627575086586, 19.115870814615288 ], [ 72.831631648907106, 19.115738017743752 ], [ 72.831356666021378, 19.115731281667713 ], [ 72.831355647566255, 19.115856380177895 ], [ 72.831627575086586, 19.115870814615288 ] ] ] ] } },
{ "type": "Feature", "properties": { "fid_1": 61.0, "bldg_namee": "Axis Bank building", "bldg_no": 61, "Landmarks": null, "Edu_Bldg": null, "Comm_ctr": null, "Gov_bldg": null }, "geometry": { "type": "MultiPolygon", "coordinates": [ [ [ [ 72.831253802053027, 19.115888135936892 ], [ 72.831257875873547, 19.115750527588908 ], [ 72.830984929898079, 19.115746678402711 ], [ 72.830980856077559, 19.115884286753893 ], [ 72.831253802053027, 19.115888135936892 ] ] ] ] } },
{ "type": "Feature", "properties": { "fid_1": 76.0, "bldg_namee": null, "bldg_no": 76, "Landmarks": null, "Edu_Bldg": null, "Comm_ctr": null, "Gov_bldg": null }, "geometry": { "type": "MultiPolygon", "coordinates": [ [ [ [ 72.832737945794733, 19.114948692167914 ], [ 72.832759333352527, 19.114889029489657 ], [ 72.832703318320256, 19.11488614258533 ], [ 72.832702299865119, 19.114855348935968 ], [ 72.832755259532007, 19.114855348935968 ], [ 72.832752204166596, 19.114796648525992 ], [ 72.832553605415796, 19.1148014600358 ], [ 72.832545457774742, 19.114854386634335 ], [ 72.832609620448054, 19.114855348935968 ], [ 72.832611657358342, 19.11488710488678 ], [ 72.832543420864482, 19.11489095409252 ], [ 72.832560734601714, 19.114952541372226 ], [ 72.832737945794733, 19.114948692167914 ] ] ] ] } },
{ "type": "Feature", "properties": { "fid_1": 67.0, "bldg_namee": "Rajnigandha", "bldg_no": 67, "Landmarks": null, "Edu_Bldg": null, "Comm_ctr": null, "Gov_bldg": null }, "geometry": { "type": "MultiPolygon", "coordinates": [ [ [ [ 72.83199447354815, 19.115541468575781 ], [ 72.831999565823807, 19.115523184919649 ], [ 72.832069839227941, 19.115526071812848 ], [ 72.83206678386253, 19.115538581682834 ], [ 72.832123817349952, 19.115538581682834 ], [ 72.832121780439692, 19.115353820429839 ], [ 72.832212422946455, 19.115352858131114 ], [ 72.832213441401592, 19.115338423649437 ], [ 72.832294917812177, 19.115334574454117 ], [ 72.832296954722452, 19.115258552828085 ], [ 72.83227454870952, 19.115260477426638 ], [ 72.832275567164643, 19.115159435972018 ], [ 72.832294917812177, 19.115158473672153 ], [ 72.832297973177575, 19.115102660270413 ], [ 72.83206474695227, 19.115103622570604 ], [ 72.83206271004201, 19.115167134370736 ], [ 72.832095300606241, 19.115170021270156 ], [ 72.832094282151104, 19.115264326623691 ], [ 72.832079005324147, 19.115265288922938 ], [ 72.832081042234421, 19.115305705486314 ], [ 72.831941513881262, 19.11530378088829 ], [ 72.831934384695373, 19.115536657087524 ], [ 72.83199447354815, 19.115541468575781 ] ] ] ] } },
{ "type": "Feature", "properties": { "fid_1": 66.0, "bldg_namee": null, "bldg_no": 66, "Landmarks": null, "Edu_Bldg": null, "Comm_ctr": null, "Gov_bldg": null }, "geometry": { "type": "MultiPolygon", "coordinates": [ [ [ [ 72.832286770171123, 19.114992958012092 ], [ 72.8322959362673, 19.114931370747428 ], [ 72.832303065453232, 19.11487459496751 ], [ 72.832284733260849, 19.114777402485426 ], [ 72.832242976600426, 19.114775477881235 ], [ 72.83224093969018, 19.114790874714064 ], [ 72.832138075721815, 19.114792799318078 ], [ 72.832137057266664, 19.11478028939165 ], [ 72.83209020833057, 19.114783176297838 ], [ 72.83208613451005, 19.114839952109161 ], [ 72.832085116054927, 19.114915973927683 ], [ 72.832092245240858, 19.114992958012092 ], [ 72.832145204907732, 19.114993920312916 ], [ 72.832150297183389, 19.114967938188581 ], [ 72.832241958145303, 19.114972749693401 ], [ 72.832242976600426, 19.114991033410419 ], [ 72.832286770171123, 19.114992958012092 ] ] ] ] } },
{ "type": "Feature", "properties": { "fid_1": 39.0, "bldg_namee": "Ram krishna society", "bldg_no": 39, "Landmarks": null, "Edu_Bldg": null, "Comm_ctr": null, "Gov_bldg": null }, "geometry": { "type": "MultiPolygon", "coordinates": [ [ [ [ 72.832964042834107, 19.114515656110921 ], [ 72.832949784462258, 19.114414614201067 ], [ 72.832688041493242, 19.114443483324468 ], [ 72.83269618913431, 19.114542600609781 ], [ 72.832964042834107, 19.114515656110921 ] ] ] ] } },
{ "type": "Feature", "properties": { "fid_1": 39.0, "bldg_namee": "Ram krishna society", "bldg_no": 39, "Landmarks": null, "Edu_Bldg": null, "Comm_ctr": null, "Gov_bldg": null }, "geometry": { "type": "MultiPolygon", "coordinates": [ [ [ [ 72.832626934185313, 19.114563771284384 ], [ 72.832618786544259, 19.114453106364493 ], [ 72.832360098940669, 19.114463691707865 ], [ 72.832369265036846, 19.114570507407553 ], [ 72.832435464620431, 19.114579168136935 ], [ 72.832626934185313, 19.114563771284384 ] ] ] ] } },
{ "type": "Feature", "properties": { "fid_1": 39.0, "bldg_namee": "Ram krishna society", "bldg_no": 39, "Landmarks": null, "Edu_Bldg": null, "Comm_ctr": null, "Gov_bldg": null }, "geometry": { "type": "MultiPolygon", "coordinates": [ [ [ [ 72.832297973177575, 19.114578205833691 ], [ 72.83229186244678, 19.114460804796096 ], [ 72.832030119477764, 19.114449257148557 ], [ 72.832025027202107, 19.114565695891038 ], [ 72.832297973177575, 19.114578205833691 ] ] ] ] } },
{ "type": "Feature", "properties": { "fid_1": 39.0, "bldg_namee": "Ram krishna society", "bldg_no": 39, "Landmarks": null, "Edu_Bldg": null, "Comm_ctr": null, "Gov_bldg": null }, "geometry": { "type": "MultiPolygon", "coordinates": [ [ [ [ 72.832784794730827, 19.11412977191328 ], [ 72.832775628634622, 19.114027767461153 ], [ 72.832598417441631, 19.114035465912572 ], [ 72.832606565082671, 19.114137470359946 ], [ 72.832669709300859, 19.114136508054131 ], [ 72.832669709300859, 19.114084543531899 ], [ 72.832682949217599, 19.114083581225778 ], [ 72.832682949217599, 19.114132658830826 ], [ 72.832784794730827, 19.11412977191328 ] ] ] ] } },
{ "type": "Feature", "properties": { "fid_1": 39.0, "bldg_namee": "Ram krishna society", "bldg_no": 39, "Landmarks": null, "Edu_Bldg": null, "Comm_ctr": null, "Gov_bldg": null }, "geometry": { "type": "MultiPolygon", "coordinates": [ [ [ [ 72.832552586960659, 19.114174037976692 ], [ 72.832543420864454, 19.11404123975089 ], [ 72.832334637562326, 19.114044126669977 ], [ 72.832336674472614, 19.114114375018879 ], [ 72.832416113972926, 19.114116299630759 ], [ 72.832412040152391, 19.114174037976692 ], [ 72.832552586960659, 19.114174037976692 ] ] ] ] } },
{ "type": "Feature", "properties": { "fid_1": 39.0, "bldg_namee": "Ram krishna society", "bldg_no": 39, "Landmarks": null, "Edu_Bldg": null, "Comm_ctr": null, "Gov_bldg": null }, "geometry": { "type": "MultiPolygon", "coordinates": [ [ [ [ 72.832271493344109, 19.114404028854562 ], [ 72.832284733260849, 19.114229851691942 ], [ 72.832155389459047, 19.114222153249575 ], [ 72.832138075721787, 19.114394405811698 ], [ 72.832271493344109, 19.114404028854562 ] ] ] ] } },
{ "type": "Feature", "properties": { "fid_1": 39.0, "bldg_namee": "Ram krishna society", "bldg_no": 39, "Landmarks": null, "Edu_Bldg": null, "Comm_ctr": null, "Gov_bldg": null }, "geometry": { "type": "MultiPolygon", "coordinates": [ [ [ [ 72.832260290337658, 19.114154791863626 ], [ 72.832267419523589, 19.11403931513814 ], [ 72.832094282151104, 19.114027767461153 ], [ 72.832080023779241, 19.114137470359946 ], [ 72.832260290337658, 19.114154791863626 ] ] ] ] } },
{ "type": "Feature", "properties": { "fid_1": 39.0, "bldg_namee": "Ram krishna society", "bldg_no": 39, "Landmarks": null, "Edu_Bldg": null, "Comm_ctr": null, "Gov_bldg": null }, "geometry": { "type": "MultiPolygon", "coordinates": [ [ [ [ 72.832083079144624, 19.114370348202058 ], [ 72.832091226785693, 19.114254871627143 ], [ 72.831921144778605, 19.114237550133939 ], [ 72.831909941772153, 19.114354951330071 ], [ 72.832083079144624, 19.114370348202058 ] ] ] ] } },
{ "type": "Feature", "properties": { "fid_1": 39.0, "bldg_namee": "Ram krishna society", "bldg_no": 39, "Landmarks": null, "Edu_Bldg": null, "Comm_ctr": null, "Gov_bldg": null }, "geometry": { "type": "MultiPolygon", "coordinates": [ [ [ [ 72.831878369663059, 19.114536826788967 ], [ 72.831895683400305, 19.114433860283903 ], [ 72.831701158470025, 19.114397292724611 ], [ 72.831684863187903, 19.114490636215187 ], [ 72.831878369663059, 19.114536826788967 ] ] ] ] } },
{ "type": "Feature", "properties": { "fid_1": 39.0, "bldg_namee": "Ram krishna society", "bldg_no": 39, "Landmarks": null, "Edu_Bldg": null, "Comm_ctr": null, "Gov_bldg": null }, "geometry": { "type": "MultiPolygon", "coordinates": [ [ [ [ 72.831603386777303, 19.114490636215187 ], [ 72.831633940431288, 19.114393443507375 ], [ 72.831394603475204, 19.114307798400667 ], [ 72.831360994455821, 19.114401141941766 ], [ 72.831603386777303, 19.114490636215187 ] ] ] ] } },
{ "type": "Feature", "properties": { "fid_1": 39.0, "bldg_namee": "Ram krishna society", "bldg_no": 39, "Landmarks": null, "Edu_Bldg": null, "Comm_ctr": null, "Gov_bldg": null }, "geometry": { "type": "MultiPolygon", "coordinates": [ [ [ [ 72.831836613002608, 19.11434821519812 ], [ 72.831873277387402, 19.114169226448638 ], [ 72.831757173502311, 19.11414131958314 ], [ 72.831717453752134, 19.114320308362835 ], [ 72.831836613002608, 19.11434821519812 ] ] ] ] } },
{ "type": "Feature", "properties": { "fid_1": 39.0, "bldg_namee": "Ram krishna society", "bldg_no": 39, "Landmarks": null, "Edu_Bldg": null, "Comm_ctr": null, "Gov_bldg": null }, "geometry": { "type": "MultiPolygon", "coordinates": [ [ [ [ 72.831924200143987, 19.11412399807805 ], [ 72.831947624612013, 19.11401429517031 ], [ 72.831780597970351, 19.11398157674514 ], [ 72.831762265777968, 19.114081656613504 ], [ 72.831797911707596, 19.114091279674589 ], [ 72.831801985528102, 19.114074920470429 ], [ 72.831893646490045, 19.114098015817 ], [ 72.83189160957977, 19.114115337324815 ], [ 72.831924200143987, 19.11412399807805 ] ] ] ] } },
{ "type": "Feature", "properties": { "fid_1": 39.0, "bldg_namee": "Ram krishna society", "bldg_no": 39, "Landmarks": null, "Edu_Bldg": null, "Comm_ctr": null, "Gov_bldg": null }, "geometry": { "type": "MultiPolygon", "coordinates": [ [ [ [ 72.831677734001943, 19.11406241048968 ], [ 72.831717453752105, 19.113963292916495 ], [ 72.83154431637962, 19.113906516804111 ], [ 72.831509688905129, 19.114003709798173 ], [ 72.831677734001943, 19.11406241048968 ] ] ] ] } },
{ "type": "Feature", "properties": { "fid_1": 39.0, "bldg_namee": "Ram krishna society", "bldg_no": 39, "Landmarks": null, "Edu_Bldg": null, "Comm_ctr": null, "Gov_bldg": null }, "geometry": { "type": "MultiPolygon", "coordinates": [ [ [ [ 72.831648198803137, 19.114288552303154 ], [ 72.83168384473278, 19.114163452614783 ], [ 72.831561630116909, 19.114130734219128 ], [ 72.831550427110443, 19.114160565697777 ], [ 72.831565703937443, 19.114166339531732 ], [ 72.831546353289909, 19.114215417112216 ], [ 72.83153209491806, 19.114211567890745 ], [ 72.831517836546212, 19.114254871627143 ], [ 72.831648198803137, 19.114288552303154 ] ] ] ] } },
{ "type": "Feature", "properties": { "fid_1": 39.0, "bldg_namee": "Ram krishna society", "bldg_no": 39, "Landmarks": null, "Edu_Bldg": null, "Comm_ctr": null, "Gov_bldg": null }, "geometry": { "type": "MultiPolygon", "coordinates": [ [ [ [ 72.831449600052323, 19.114240437049602 ], [ 72.831466913789569, 19.114134583442485 ], [ 72.83133858844289, 19.114110525795041 ], [ 72.831318219340275, 19.114207718669189 ], [ 72.831449600052323, 19.114240437049602 ] ] ] ] } },
{ "type": "Feature", "properties": { "fid_1": 39.0, "bldg_namee": "Ram krishna society", "bldg_no": 39, "Landmarks": null, "Edu_Bldg": null, "Comm_ctr": null, "Gov_bldg": null }, "geometry": { "type": "MultiPolygon", "coordinates": [ [ [ [ 72.831287665686276, 19.114404028854562 ], [ 72.831333496167261, 19.114318383753332 ], [ 72.831107399127887, 19.114217341722913 ], [ 72.831064624012313, 19.114308760705477 ], [ 72.831287665686276, 19.114404028854562 ] ] ] ] } },
{ "type": "Feature", "properties": { "fid_1": 50.0, "bldg_namee": null, "bldg_no": 50, "Landmarks": null, "Edu_Bldg": null, "Comm_ctr": null, "Gov_bldg": null }, "geometry": { "type": "MultiPolygon", "coordinates": [ [ [ [ 72.830833434697269, 19.115894631431736 ], [ 72.830836490062666, 19.115832082207056 ], [ 72.830535027343501, 19.115834006798938 ], [ 72.830535027343501, 19.115890782249366 ], [ 72.830833434697269, 19.115894631431736 ] ] ] ] } },
{ "type": "Feature", "properties": { "fid_1": 51.0, "bldg_namee": "Imperial Residency", "bldg_no": 51, "Landmarks": null, "Edu_Bldg": null, "Comm_ctr": null, "Gov_bldg": null }, "geometry": { "type": "MultiPolygon", "coordinates": [ [ [ [ 72.830835471607514, 19.115679077080763 ], [ 72.830854822255034, 19.115645396688031 ], [ 72.830850748434514, 19.115415407537128 ], [ 72.830834453152391, 19.115402897657823 ], [ 72.830638909766989, 19.115406746851555 ], [ 72.830616503754044, 19.115435615801701 ], [ 72.830618540664346, 19.115656944252027 ], [ 72.830641965132372, 19.115681001674432 ], [ 72.830835471607514, 19.115679077080763 ] ] ] ] } },
{ "type": "Feature", "properties": { "fid_1": 60.0, "bldg_namee": "H.Rishabraj Trident", "bldg_no": 60, "Landmarks": null, "Edu_Bldg": null, "Comm_ctr": null, "Gov_bldg": null }, "geometry": { "type": "MultiPolygon", "coordinates": [ [ [ [ 72.830951575492591, 19.115671378705887 ], [ 72.831286647231124, 19.11566464262479 ], [ 72.83128868414137, 19.11553280783955 ], [ 72.830950557037468, 19.11553280783955 ], [ 72.830951575492591, 19.115671378705887 ] ] ] ] } },
{ "type": "Feature", "properties": { "fid_1": 63.0, "bldg_namee": "Arunodata", "bldg_no": 63, "Landmarks": null, "Edu_Bldg": null, "Comm_ctr": null, "Gov_bldg": null }, "geometry": { "type": "MultiPolygon", "coordinates": [ [ [ [ 72.831659401809546, 19.115676190190225 ], [ 72.831677734001943, 19.115473145429362 ], [ 72.831584036129783, 19.115461597852526 ], [ 72.831581999219495, 19.11551356194191 ], [ 72.831453673872844, 19.115501052070044 ], [ 72.831458129614063, 19.115454741478377 ], [ 72.831376271282778, 19.115447644529443 ], [ 72.831362012910944, 19.115651170470127 ], [ 72.831431267859941, 19.115652132767117 ], [ 72.831433304770201, 19.115615565477309 ], [ 72.831571814668195, 19.115630962231908 ], [ 72.831567740847674, 19.115670416408996 ], [ 72.831659401809546, 19.115676190190225 ] ] ] ] } },
{ "type": "Feature", "properties": { "fid_1": 64.0, "bldg_namee": "Venetia", "bldg_no": 64, "Landmarks": null, "Edu_Bldg": null, "Comm_ctr": null, "Gov_bldg": null }, "geometry": { "type": "MultiPolygon", "coordinates": [ [ [ [ 72.831499812012751, 19.115353480207112 ], [ 72.83151203347434, 19.115330385028535 ], [ 72.831655635648005, 19.115340008019999 ], [ 72.831658691013402, 19.115374650784641 ], [ 72.831695355398168, 19.115374650784641 ], [ 72.831704521494359, 19.115181228589229 ], [ 72.831738130513713, 19.115179303989134 ], [ 72.831740167424002, 19.115138887381931 ], [ 72.831680078571196, 19.115139849682222 ], [ 72.831583325333625, 19.115138887381931 ], [ 72.83152119957056, 19.115124452876973 ], [ 72.83152119957056, 19.115115792173384 ], [ 72.831452963076686, 19.11510713146934 ], [ 72.831433612429151, 19.115338083421758 ], [ 72.831499812012751, 19.115353480207112 ] ] ] ] } },
{ "type": "Feature", "properties": { "fid_1": 59.0, "bldg_namee": "Silver beach", "bldg_no": 59, "Landmarks": null, "Edu_Bldg": null, "Comm_ctr": null, "Gov_bldg": null }, "geometry": { "type": "MultiPolygon", "coordinates": [ [ [ [ 72.831095941507513, 19.115437780973132 ], [ 72.83109899687291, 19.115413723512056 ], [ 72.831215100757959, 19.115414685810553 ], [ 72.831215100757959, 19.115437780973132 ], [ 72.831305743264764, 19.115434894077985 ], [ 72.831304724809627, 19.11535887248769 ], [ 72.831287411072381, 19.11535887248769 ], [ 72.831282318796696, 19.115265529474563 ], [ 72.831176399462947, 19.115265529474563 ], [ 72.831174362552673, 19.115283813161689 ], [ 72.831113255244745, 19.115286700059482 ], [ 72.831110199879362, 19.115318455931764 ], [ 72.831026686558516, 19.115320380529898 ], [ 72.831021594282845, 19.115354060993447 ], [ 72.831001225180202, 19.115351174096844 ], [ 72.830999188269942, 19.115434894077985 ], [ 72.831095941507513, 19.115437780973132 ] ] ] ] } },
{ "type": "Feature", "properties": { "fid_1": 58.0, "bldg_namee": "Aradhan Appartment", "bldg_no": 58, "Landmarks": null, "Edu_Bldg": null, "Comm_ctr": null, "Gov_bldg": null }, "geometry": { "type": "MultiPolygon", "coordinates": [ [ [ [ 72.831273152700518, 19.115218376829446 ], [ 72.831266023514601, 19.115062484205311 ], [ 72.831165196456496, 19.115060559604078 ], [ 72.831166214911647, 19.115100013924554 ], [ 72.83107760931513, 19.115097127023368 ], [ 72.831072517039473, 19.115076918713704 ], [ 72.830965579250574, 19.115072107211049 ], [ 72.830967616160848, 19.115210678431705 ], [ 72.831273152700518, 19.115218376829446 ] ] ] ] } },
{ "type": "Feature", "properties": { "fid_1": 57.0, "bldg_namee": "Kinara", "bldg_no": 57, "Landmarks": null, "Edu_Bldg": null, "Comm_ctr": null, "Gov_bldg": null }, "geometry": { "type": "MultiPolygon", "coordinates": [ [ [ [ 72.831333496167204, 19.114985019031195 ], [ 72.831330440801793, 19.114871467442423 ], [ 72.830945464761797, 19.114861844422844 ], [ 72.830945464761797, 19.114982132127356 ], [ 72.831333496167204, 19.114985019031195 ] ] ] ] } },
{ "type": "Feature", "properties": { "fid_1": 65.0, "bldg_namee": "The soul of juhu", "bldg_no": 65, "Landmarks": null, "Edu_Bldg": null, "Comm_ctr": null, "Gov_bldg": null }, "geometry": { "type": "MultiPolygon", "coordinates": [ [ [ [ 72.83179791170754, 19.115026397962552 ], [ 72.831818280810182, 19.114741556728816 ], [ 72.831413954122652, 19.114724235286605 ], [ 72.831402751116201, 19.115004265046423 ], [ 72.83179791170754, 19.115026397962552 ] ] ] ] } },
{ "type": "Feature", "properties": { "fid_1": 0.0, "bldg_namee": "Gujarat Bhavan", "bldg_no": 0, "Landmarks": "yes", "Edu_Bldg": null, "Comm_ctr": null, "Gov_bldg": "yes" }, "geometry": { "type": "MultiPolygon", "coordinates": [ [ [ [ 72.831168506435773, 19.114723272984218 ], [ 72.831170543346047, 19.114596249018518 ], [ 72.83098722142222, 19.114594324412227 ], [ 72.830990276787631, 19.114729046798512 ], [ 72.831168506435773, 19.114723272984218 ] ] ] ] } },
{ "type": "Feature", "properties": { "fid_1": 0.0, "bldg_namee": "Goa Bhavan", "bldg_no": 0, "Landmarks": "yes", "Edu_Bldg": null, "Comm_ctr": null, "Gov_bldg": "yes" }, "geometry": { "type": "MultiPolygon", "coordinates": [ [ [ [ 72.831352846814724, 19.11479352104455 ], [ 72.831351828359601, 19.114661685619101 ], [ 72.831179709442225, 19.114658798710796 ], [ 72.83117359871143, 19.11479255874255 ], [ 72.831352846814724, 19.11479352104455 ] ] ] ] } },
{ "type": "Feature", "properties": { "fid_1": 54.0, "bldg_namee": "Suha Appartments", "bldg_no": 54, "Landmarks": null, "Edu_Bldg": null, "Comm_ctr": null, "Gov_bldg": null }, "geometry": { "type": "MultiPolygon", "coordinates": [ [ [ [ 72.830778692733787, 19.114760321623034 ], [ 72.830804154112073, 19.114744924784528 ], [ 72.830798043381293, 19.114623674631211 ], [ 72.830734899163105, 19.114620787721726 ], [ 72.83071758542583, 19.114626561540664 ], [ 72.830606573816411, 19.114624636934373 ], [ 72.830529171226374, 19.11462271232806 ], [ 72.830521023585305, 19.114633297662508 ], [ 72.830528152771222, 19.114666015964705 ], [ 72.830524078950702, 19.114725678734391 ], [ 72.830527134316085, 19.114757434715923 ], [ 72.830590278534288, 19.114757434715923 ], [ 72.830625924463931, 19.114749736296723 ], [ 72.830706382419379, 19.114752623203955 ], [ 72.830778692733787, 19.114760321623034 ] ] ] ] } },
{ "type": "Feature", "properties": { "fid_1": 53.0, "bldg_namee": "Crystal Appartments", "bldg_no": 53, "Landmarks": null, "Edu_Bldg": null, "Comm_ctr": null, "Gov_bldg": null }, "geometry": { "type": "MultiPolygon", "coordinates": [ [ [ [ 72.830803899498392, 19.115003302745674 ], [ 72.830805936408652, 19.11482431470542 ], [ 72.830500399868953, 19.114822390101782 ], [ 72.830492252227913, 19.115001378144115 ], [ 72.830803899498392, 19.115003302745674 ] ] ] ] } },
{ "type": "Feature", "properties": { "fid_1": 52.0, "bldg_namee": "Yoga by Wadha", "bldg_no": 52, "Landmarks": null, "Edu_Bldg": null, "Comm_ctr": null, "Gov_bldg": null }, "geometry": { "type": "MultiPolygon", "coordinates": [ [ [ [ 72.830813065594583, 19.115316050201688 ], [ 72.83081815787024, 19.115107231124664 ], [ 72.830646038952892, 19.115109155725648 ], [ 72.830636872856687, 19.115312201004492 ], [ 72.830813065594583, 19.115316050201688 ] ] ] ] } },
{ "type": "Feature", "properties": { "fid_1": 47.0, "bldg_namee": null, "bldg_no": 47, "Landmarks": null, "Edu_Bldg": null, "Comm_ctr": null, "Gov_bldg": null }, "geometry": { "type": "MultiPolygon", "coordinates": [ [ [ [ 72.830448458657216, 19.11505719158005 ], [ 72.830454569387996, 19.114866655979746 ], [ 72.830134774476477, 19.114870505185966 ], [ 72.830134774476477, 19.115053342378165 ], [ 72.830448458657216, 19.11505719158005 ] ] ] ] } },
{ "type": "Feature", "properties": { "fid_1": 46.0, "bldg_namee": "The arcadian", "bldg_no": 46, "Landmarks": null, "Edu_Bldg": null, "Comm_ctr": null, "Gov_bldg": null }, "geometry": { "type": "MultiPolygon", "coordinates": [ [ [ [ 72.830443366381573, 19.114804106366115 ], [ 72.830449477112367, 19.114804106366115 ], [ 72.830453550932887, 19.114611645868042 ], [ 72.830144959027805, 19.114616457383232 ], [ 72.830141903662394, 19.114802181762244 ], [ 72.830443366381573, 19.114804106366115 ] ] ] ] } },
{ "type": "Feature", "properties": { "fid_1": 45.0, "bldg_namee": "Woodstock juhu", "bldg_no": 45, "Landmarks": null, "Edu_Bldg": null, "Comm_ctr": null, "Gov_bldg": null }, "geometry": { "type": "MultiPolygon", "coordinates": [ [ [ [ 72.830436491809351, 19.11455631343317 ], [ 72.830437510264488, 19.114470668392137 ], [ 72.830372329136026, 19.114469706088055 ], [ 72.83036723686034, 19.114462969959305 ], [ 72.830366218405231, 19.114442761571425 ], [ 72.83022872696236, 19.114441799267183 ], [ 72.830227708507209, 19.11446778147986 ], [ 72.830163545833884, 19.114469706088055 ], [ 72.830163545833884, 19.11455727573675 ], [ 72.830436491809351, 19.11455631343317 ] ] ] ] } },
{ "type": "Feature", "properties": { "fid_1": 44.0, "bldg_namee": "Elenora", "bldg_no": 44, "Landmarks": null, "Edu_Bldg": null, "Comm_ctr": null, "Gov_bldg": null }, "geometry": { "type": "MultiPolygon", "coordinates": [ [ [ [ 72.830468063918445, 19.114371551088588 ], [ 72.830475193104363, 19.114236828376093 ], [ 72.830382513687326, 19.114190637706521 ], [ 72.830376402956546, 19.114172353896262 ], [ 72.830325480199917, 19.114149258554086 ], [ 72.830218542411004, 19.114141560105971 ], [ 72.830198173308375, 19.114145409330082 ], [ 72.830178822660883, 19.114167542366911 ], [ 72.830170675019787, 19.114348455774252 ], [ 72.830195117942978, 19.114369626479181 ], [ 72.830468063918445, 19.114371551088588 ] ] ] ] } },
{ "type": "Feature", "properties": { "fid_1": 56.0, "bldg_namee": "Antigravity", "bldg_no": 56, "Landmarks": null, "Edu_Bldg": null, "Comm_ctr": null, "Gov_bldg": null }, "geometry": { "type": "MultiPolygon", "coordinates": [ [ [ [ 72.830629998284479, 19.114451903489311 ], [ 72.830666662669245, 19.114416298234058 ], [ 72.830761378996542, 19.114468262658072 ], [ 72.830801098746733, 19.114406675190779 ], [ 72.830566854066262, 19.114286387102592 ], [ 72.830540374232839, 19.114333540043589 ], [ 72.830565835611154, 19.114358559966007 ], [ 72.830544448053359, 19.114410524408175 ], [ 72.830629998284479, 19.114451903489311 ] ] ] ] } },
{ "type": "Feature", "properties": { "fid_1": 55.0, "bldg_namee": "Mahran society", "bldg_no": 55, "Landmarks": null, "Edu_Bldg": null, "Comm_ctr": null, "Gov_bldg": null }, "geometry": { "type": "MultiPolygon", "coordinates": [ [ [ [ 72.830530698909087, 19.114487989879834 ], [ 72.830645784339026, 19.114547652710289 ], [ 72.830695688640503, 19.114456233848397 ], [ 72.830677356448135, 19.114445648503217 ], [ 72.830631525967163, 19.114469706104899 ], [ 72.830568381748975, 19.114443723894922 ], [ 72.830530698909087, 19.114487989879834 ] ] ] ] } },
{ "type": "Feature", "properties": { "fid_1": 4.0, "bldg_namee": "Ashima Rustomjee", "bldg_no": 4, "Landmarks": null, "Edu_Bldg": null, "Comm_ctr": null, "Gov_bldg": null }, "geometry": { "type": "MultiPolygon", "coordinates": [ [ [ [ 72.83041204888616, 19.113981817319694 ], [ 72.830453805546583, 19.113888473543206 ], [ 72.830421214982366, 19.113856717401045 ], [ 72.830439547174734, 19.11383362202109 ], [ 72.830432417988817, 19.11378743125152 ], [ 72.830448713270911, 19.113763373553919 ], [ 72.830355015398752, 19.113714295839966 ], [ 72.830340757026903, 19.113738353544708 ], [ 72.830308166462657, 19.113720069689425 ], [ 72.830288815815152, 19.113745089701407 ], [ 72.830265391347098, 19.11372873046324 ], [ 72.830229745417483, 19.113778770480796 ], [ 72.830179841115978, 19.113756637397966 ], [ 72.830134010635064, 19.113837471251312 ], [ 72.83041204888616, 19.113981817319694 ] ] ] ] } },
{ "type": "Feature", "properties": { "fid_1": 5.0, "bldg_namee": "Ayana", "bldg_no": 5, "Landmarks": null, "Edu_Bldg": null, "Comm_ctr": null, "Gov_bldg": null }, "geometry": { "type": "MultiPolygon", "coordinates": [ [ [ [ 72.830810264842896, 19.114175240905858 ], [ 72.830820449394238, 19.113947174241932 ], [ 72.830516949764771, 19.113939475783656 ], [ 72.830520005130182, 19.114043404940176 ], [ 72.830591296989439, 19.114050141086967 ], [ 72.830591296989439, 19.114067462606002 ], [ 72.830636109015259, 19.114068424912553 ], [ 72.830640182835808, 19.114104030251319 ], [ 72.830688050227025, 19.114102105638608 ], [ 72.830686013316736, 19.114129050214522 ], [ 72.830744065259282, 19.114131937133113 ], [ 72.830744065259282, 19.114169467070145 ], [ 72.830810264842896, 19.114175240905858 ] ] ] ] } },
{ "type": "Feature", "properties": { "fid_1": 38.0, "bldg_namee": "Shelton", "bldg_no": 38, "Landmarks": null, "Edu_Bldg": null, "Comm_ctr": null, "Gov_bldg": null }, "geometry": { "type": "MultiPolygon", "coordinates": [ [ [ [ 72.831075063177323, 19.114104030233403 ], [ 72.831075063177323, 19.114052065678436 ], [ 72.83108219236324, 19.11370948412943 ], [ 72.831026177330969, 19.113673878703004 ], [ 72.830957940837081, 19.113672916394084 ], [ 72.830959977747369, 19.114095369475375 ], [ 72.831075063177323, 19.114104030233403 ] ] ] ] } },
{ "type": "Feature", "properties": { "fid_1": 6.0, "bldg_namee": "Liva Roca", "bldg_no": 6, "Landmarks": null, "Edu_Bldg": null, "Comm_ctr": null, "Gov_bldg": null }, "geometry": { "type": "MultiPolygon", "coordinates": [ [ [ [ 72.830810264842896, 19.113886548932893 ], [ 72.830816375573704, 19.113718145019334 ], [ 72.830524078950731, 19.113712371167829 ], [ 72.830525097405854, 19.113875963549102 ], [ 72.830810264842896, 19.113886548932893 ] ] ] ] } },
{ "type": "Feature", "properties": { "fid_1": 3.0, "bldg_namee": "Ananya", "bldg_no": 3, "Landmarks": null, "Edu_Bldg": null, "Comm_ctr": null, "Gov_bldg": null }, "geometry": { "type": "MultiPolygon", "coordinates": [ [ [ [ 72.8304201965272, 19.113678690429314 ], [ 72.8304201965272, 19.113495851647162 ], [ 72.830139102910664, 19.113494889337243 ], [ 72.830135029090172, 19.113675803502755 ], [ 72.8304201965272, 19.113678690429314 ] ] ] ] } },
{ "type": "Feature", "properties": { "fid_1": 7.0, "bldg_namee": "ERTL Staff quarters", "bldg_no": 7, "Landmarks": null, "Edu_Bldg": null, "Comm_ctr": null, "Gov_bldg": null }, "geometry": { "type": "MultiPolygon", "coordinates": [ [ [ [ 72.83078862267142, 19.113624319990119 ], [ 72.830784548850886, 19.113577166852338 ], [ 72.830747629852354, 19.113576685697804 ], [ 72.830747120624793, 19.113533381783782 ], [ 72.830784548850886, 19.113532900629107 ], [ 72.83078862267142, 19.113493445941899 ], [ 72.83060428229247, 19.113493445941899 ], [ 72.830605300747592, 19.113530013701094 ], [ 72.830633817491304, 19.113534825247758 ], [ 72.830634835946398, 19.113580053779526 ], [ 72.830596134651401, 19.11358101608857 ], [ 72.830596134651401, 19.113616621519572 ], [ 72.83078862267142, 19.113624319990119 ] ] ] ] } },
{ "type": "Feature", "properties": { "fid_1": 2.0, "bldg_namee": "Sukhmani juhu himalya", "bldg_no": 2, "Landmarks": null, "Edu_Bldg": null, "Comm_ctr": null, "Gov_bldg": null }, "geometry": { "type": "MultiPolygon", "coordinates": [ [ [ [ 72.830374366046257, 19.113378449910794 ], [ 72.830375384501394, 19.11328221884273 ], [ 72.830406956610474, 19.113279331909819 ], [ 72.830407975065626, 19.113149419876819 ], [ 72.830377421411654, 19.113146532941592 ], [ 72.830369273770586, 19.113065698734808 ], [ 72.830214468590484, 19.113064736422579 ], [ 72.830219560866141, 19.113159042993889 ], [ 72.830193081032704, 19.113160005305559 ], [ 72.830178822660855, 19.113218706307126 ], [ 72.830191044122429, 19.11328221884273 ], [ 72.830231782327715, 19.113281256531756 ], [ 72.830232800782852, 19.113371713737855 ], [ 72.830374366046257, 19.113378449910794 ] ] ] ] } },
{ "type": "Feature", "properties": { "fid_1": 33.0, "bldg_namee": "Parklands Rajit", "bldg_no": 33, "Landmarks": null, "Edu_Bldg": null, "Comm_ctr": null, "Gov_bldg": null }, "geometry": { "type": "MultiPolygon", "coordinates": [ [ [ [ 72.831806313962289, 19.113820149734973 ], [ 72.831814461603372, 19.113795129726455 ], [ 72.831824646154686, 19.11375663739825 ], [ 72.831831775340618, 19.113647896522671 ], [ 72.831592438384519, 19.113654632685179 ], [ 72.831595493749916, 19.113751825856603 ], [ 72.831806313962289, 19.113820149734973 ] ] ] ] } },
{ "type": "Feature", "properties": { "fid_1": 35.0, "bldg_namee": "New Monalisa", "bldg_no": 35, "Landmarks": null, "Edu_Bldg": null, "Comm_ctr": null, "Gov_bldg": null }, "geometry": { "type": "MultiPolygon", "coordinates": [ [ [ [ 72.832170920899671, 19.113663293491825 ], [ 72.832169902444562, 19.113578610290922 ], [ 72.831904085655012, 19.113580534909602 ], [ 72.831897974924189, 19.113661368874109 ], [ 72.832170920899671, 19.113663293491825 ] ] ] ] } },
{ "type": "Feature", "properties": { "fid_1": 17.0, "bldg_namee": "Silver Light", "bldg_no": 17, "Landmarks": null, "Edu_Bldg": null, "Comm_ctr": null, "Gov_bldg": null }, "geometry": { "type": "MultiPolygon", "coordinates": [ [ [ [ 72.831474297589153, 19.113667142726637 ], [ 72.83146920531351, 19.113516060170063 ], [ 72.831257366645985, 19.113519909408879 ], [ 72.83126144046652, 19.113620951895975 ], [ 72.831424393287676, 19.113622876514171 ], [ 72.831420319467156, 19.113665218108956 ], [ 72.831474297589153, 19.113667142726637 ] ] ] ] } },
{ "type": "Feature", "properties": { "fid_1": 16.0, "bldg_namee": "Aria", "bldg_no": 16, "Landmarks": null, "Edu_Bldg": null, "Comm_ctr": null, "Gov_bldg": null }, "geometry": { "type": "MultiPolygon", "coordinates": [ [ [ [ 72.831170797959714, 19.113578610355763 ], [ 72.831172325642427, 19.113347174782209 ], [ 72.830951830106287, 19.11334284438378 ], [ 72.830954885471684, 19.113466020117194 ], [ 72.830968125388409, 19.11346505780714 ], [ 72.830972199208915, 19.113489115557005 ], [ 72.830997660587229, 19.113488153247079 ], [ 72.830997660587229, 19.113504512515078 ], [ 72.831023121965544, 19.113504512515078 ], [ 72.831025158875804, 19.113526645639791 ], [ 72.831101543010718, 19.113530494878571 ], [ 72.831103579920992, 19.113560326476073 ], [ 72.831132096664703, 19.113561288785586 ], [ 72.8311351520301, 19.113576685736938 ], [ 72.831170797959714, 19.113578610355763 ] ] ] ] } },
{ "type": "Feature", "properties": { "fid_1": 18.0, "bldg_namee": "Lamp light", "bldg_no": 18, "Landmarks": null, "Edu_Bldg": null, "Comm_ctr": null, "Gov_bldg": null }, "geometry": { "type": "MultiPolygon", "coordinates": [ [ [ [ 72.83150688815337, 19.113427527724411 ], [ 72.831505869698262, 19.113319748951078 ], [ 72.831284864934545, 19.113318786640288 ], [ 72.831282828024285, 19.113425603104083 ], [ 72.83150688815337, 19.113427527724411 ] ] ] ] } },
{ "type": "Feature", "properties": { "fid_1": 32.0, "bldg_namee": "Dev Rishi", "bldg_no": 32, "Landmarks": null, "Edu_Bldg": null, "Comm_ctr": null, "Gov_bldg": null }, "geometry": { "type": "MultiPolygon", "coordinates": [ [ [ [ 72.831803258596921, 19.113607479585024 ], [ 72.831804277052044, 19.11348526629147 ], [ 72.831590401474259, 19.113488153220707 ], [ 72.831590401474259, 19.113609404203093 ], [ 72.831803258596921, 19.113607479585024 ] ] ] ] } },
{ "type": "Feature", "properties": { "fid_1": 36.0, "bldg_namee": null, "bldg_no": 36, "Landmarks": null, "Edu_Bldg": null, "Comm_ctr": null, "Gov_bldg": null }, "geometry": { "type": "MultiPolygon", "coordinates": [ [ [ [ 72.832150551797028, 19.113462170878773 ], [ 72.832142404155974, 19.113376525267075 ], [ 72.831890845738286, 19.113377487577569 ], [ 72.831891864193423, 19.113460246258771 ], [ 72.832150551797028, 19.113462170878773 ] ] ] ] } },
{ "type": "Feature", "properties": { "fid_1": 31.0, "bldg_namee": "DLH Square", "bldg_no": 31, "Landmarks": null, "Edu_Bldg": null, "Comm_ctr": null, "Gov_bldg": null }, "geometry": { "type": "MultiPolygon", "coordinates": [ [ [ [ 72.831782889494292, 19.113418866937764 ], [ 72.831820572334166, 19.113419829247988 ], [ 72.831822609244426, 19.113336108238745 ], [ 72.831791037135332, 19.113329372063738 ], [ 72.831791037135332, 19.113258161054112 ], [ 72.831817516968798, 19.11325719874295 ], [ 72.831820572334166, 19.113172515339716 ], [ 72.831597530660176, 19.113172515339716 ], [ 72.831597530660176, 19.113261047987521 ], [ 72.83168511780157, 19.11327452034282 ], [ 72.831684099346433, 19.113323598199241 ], [ 72.83159345683967, 19.113324560510005 ], [ 72.831594475294793, 19.113403469973647 ], [ 72.831782889494292, 19.113418866937764 ] ] ] ] } },
{ "type": "Feature", "properties": { "fid_1": 37.0, "bldg_namee": null, "bldg_no": 37, "Landmarks": null, "Edu_Bldg": null, "Comm_ctr": null, "Gov_bldg": null }, "geometry": { "type": "MultiPolygon", "coordinates": [ [ [ [ 72.83198046978994, 19.113297615831286 ], [ 72.8320639831108, 19.113300502763835 ], [ 72.832065001565908, 19.113293766587812 ], [ 72.832129164239248, 19.113286068100606 ], [ 72.832129164239248, 19.113210045520102 ], [ 72.831916307116614, 19.1132052339632 ], [ 72.831908159475546, 19.113293766587812 ], [ 72.83198046978994, 19.113297615831286 ] ] ] ] } },
{ "type": "Feature", "properties": { "fid_1": 19.0, "bldg_namee": "Sweet Homes", "bldg_no": 19, "Landmarks": null, "Edu_Bldg": null, "Comm_ctr": null, "Gov_bldg": null }, "geometry": { "type": "MultiPolygon", "coordinates": [ [ [ [ 72.83146920531351, 19.113262010331315 ], [ 72.831470223768633, 19.113161929948596 ], [ 72.831247182094657, 19.11315230683168 ], [ 72.831252274370328, 19.113260085709136 ], [ 72.83146920531351, 19.113262010331315 ] ] ] ] } },
{ "type": "Feature", "properties": { "fid_1": 15.0, "bldg_namee": "Noor Villa", "bldg_no": 15, "Landmarks": null, "Edu_Bldg": null, "Comm_ctr": null, "Gov_bldg": null }, "geometry": { "type": "MultiPolygon", "coordinates": [ [ [ [ 72.831164687228963, 19.113252387222538 ], [ 72.8311657056841, 19.113160967626477 ], [ 72.830944700920398, 19.113161929938286 ], [ 72.830945719375507, 19.113249500288713 ], [ 72.831164687228963, 19.113252387222538 ] ] ] ] } },
{ "type": "Feature", "properties": { "fid_1": 8.0, "bldg_namee": "Kathiyawar", "bldg_no": 8, "Landmarks": null, "Edu_Bldg": null, "Comm_ctr": null, "Gov_bldg": null }, "geometry": { "type": "MultiPolygon", "coordinates": [ [ [ [ 72.830780729644076, 19.113409243834134 ], [ 72.830774618913267, 19.113247575659081 ], [ 72.830511857489128, 19.113243726414897 ], [ 72.830508802123731, 19.11340731921393 ], [ 72.830780729644076, 19.113409243834134 ] ] ] ] } },
{ "type": "Feature", "properties": { "fid_1": 9.0, "bldg_namee": "Jic west", "bldg_no": 9, "Landmarks": null, "Edu_Bldg": null, "Comm_ctr": null, "Gov_bldg": null }, "geometry": { "type": "MultiPolygon", "coordinates": [ [ [ [ 72.830807209477499, 19.113161929968381 ], [ 72.830814338663444, 19.11296080668729 ], [ 72.830544448053359, 19.112953108183628 ], [ 72.830538337322551, 19.113155193785889 ], [ 72.830807209477499, 19.113161929968381 ] ] ] ] } },
{ "type": "Feature", "properties": { "fid_1": 14.0, "bldg_namee": "Mangal Milap", "bldg_no": 14, "Landmarks": null, "Edu_Bldg": null, "Comm_ctr": null, "Gov_bldg": null }, "geometry": { "type": "MultiPolygon", "coordinates": [ [ [ [ 72.831165196456482, 19.113104191266839 ], [ 72.831159085725645, 19.112988713793275 ], [ 72.830938080961971, 19.112987751480652 ], [ 72.830934007141437, 19.113106115890712 ], [ 72.831165196456482, 19.113104191266839 ] ] ] ] } },
{ "type": "Feature", "properties": { "fid_1": 1.0, "bldg_namee": "Ajmera Prive", "bldg_no": 1, "Landmarks": null, "Edu_Bldg": null, "Comm_ctr": null, "Gov_bldg": null }, "geometry": { "type": "MultiPolygon", "coordinates": [ [ [ [ 72.830437510264517, 19.112977647214006 ], [ 72.830422233437531, 19.112736106510582 ], [ 72.830350941578288, 19.1127293703106 ], [ 72.830119752263244, 19.11286409425794 ], [ 72.830113641532435, 19.112976684901138 ], [ 72.830437510264517, 19.112977647214006 ] ] ] ] } },
{ "type": "Feature", "properties": { "fid_1": 10.0, "bldg_namee": "Om niwas", "bldg_no": 10, "Landmarks": null, "Edu_Bldg": null, "Comm_ctr": null, "Gov_bldg": null }, "geometry": { "type": "MultiPolygon", "coordinates": [ [ [ [ 72.830829106262854, 19.112858801570592 ], [ 72.830813829435883, 19.112771231020886 ], [ 72.830550049556606, 19.112759683252623 ], [ 72.830545975736058, 19.112854952316638 ], [ 72.830829106262854, 19.112858801570592 ] ] ] ] } },
{ "type": "Feature", "properties": { "fid_1": 11.0, "bldg_namee": "Sahakari society", "bldg_no": 11, "Landmarks": null, "Edu_Bldg": null, "Comm_ctr": null, "Gov_bldg": null }, "geometry": { "type": "MultiPolygon", "coordinates": [ [ [ [ 72.830536300412334, 19.112758720961182 ], [ 72.830545466508539, 19.112738031210437 ], [ 72.830540883460458, 19.112642280934924 ], [ 72.830445148678024, 19.112686066243679 ], [ 72.830449731726119, 19.112757758647255 ], [ 72.830536300412334, 19.112758720961182 ] ] ] ] } },
{ "type": "Feature", "properties": { "fid_1": 3.0, "bldg_namee": "Juhu Prajakt", "bldg_no": 3, "Landmarks": null, "Edu_Bldg": null, "Comm_ctr": null, "Gov_bldg": null }, "geometry": { "type": "MultiPolygon", "coordinates": [ [ [ [ 72.830645784339026, 19.112696170549988 ], [ 72.830789386512663, 19.112696170549988 ], [ 72.830794478788306, 19.112578768155473 ], [ 72.830646802794121, 19.112572994265062 ], [ 72.830645784339026, 19.112696170549988 ] ] ] ] } },
{ "type": "Feature", "properties": { "fid_1": 13.0, "bldg_namee": "Horizon", "bldg_no": 13, "Landmarks": null, "Edu_Bldg": null, "Comm_ctr": null, "Gov_bldg": null }, "geometry": { "type": "MultiPolygon", "coordinates": [ [ [ [ 72.831185565559124, 19.112917502668022 ], [ 72.831181491738576, 19.112806836609483 ], [ 72.831112236789608, 19.112802987353945 ], [ 72.831115292155005, 19.112791439586779 ], [ 72.831027705013611, 19.112789514958838 ], [ 72.831027705013611, 19.112776042562626 ], [ 72.830975763801874, 19.112775080248568 ], [ 72.8309737268916, 19.112916540354792 ], [ 72.831185565559124, 19.112917502668022 ] ] ] ] } },
{ "type": "Feature", "properties": { "fid_1": 20.0, "bldg_namee": "Lovely homes", "bldg_no": 20, "Landmarks": null, "Edu_Bldg": null, "Comm_ctr": null, "Gov_bldg": null }, "geometry": { "type": "MultiPolygon", "coordinates": [ [ [ [ 72.831289447982627, 19.112920389570565 ], [ 72.831257875873519, 19.11296176903188 ], [ 72.831283337251861, 19.11298197760226 ], [ 72.83126093123893, 19.113014696234771 ], [ 72.831273152700504, 19.113019507797816 ], [ 72.831256857418396, 19.113043565611012 ], [ 72.831304724809627, 19.113074359606781 ], [ 72.831316946271187, 19.113061849546696 ], [ 72.83132916773279, 19.113070510357623 ], [ 72.83133527846357, 19.113060887234344 ], [ 72.83135870293161, 19.113075321919062 ], [ 72.831368887482952, 19.113063774171383 ], [ 72.831406570322827, 19.113090718914705 ], [ 72.831461566899989, 19.113028168610974 ], [ 72.831289447982627, 19.112920389570565 ] ] ] ] } },
{ "type": "Feature", "properties": { "fid_1": 39.0, "bldg_namee": "Ram krishna society", "bldg_no": 39, "Landmarks": null, "Edu_Bldg": null, "Comm_ctr": null, "Gov_bldg": null }, "geometry": { "type": "MultiPolygon", "coordinates": [ [ [ [ 72.831145336581429, 19.114097294087468 ], [ 72.831262458921671, 19.114129050183877 ], [ 72.831333750780928, 19.11397893040165 ], [ 72.831192185517537, 19.113917342759244 ], [ 72.831145336581429, 19.114097294087468 ] ] ] ] } },
{ "type": "Feature", "properties": { "fid_1": 39.0, "bldg_namee": "Ram krishna society", "bldg_no": 39, "Landmarks": null, "Edu_Bldg": null, "Comm_ctr": null, "Gov_bldg": null }, "geometry": { "type": "MultiPolygon", "coordinates": [ [ [ [ 72.831361249069502, 19.113957759652163 ], [ 72.831395876543993, 19.113858642016222 ], [ 72.831221720716371, 19.113778770479954 ], [ 72.831184037876469, 19.113854792786448 ], [ 72.831361249069502, 19.113957759652163 ] ] ] ] } },
{ "type": "Feature", "properties": { "fid_1": 34.0, "bldg_namee": "Monarch", "bldg_no": 34, "Landmarks": null, "Edu_Bldg": null, "Comm_ctr": null, "Gov_bldg": null }, "geometry": { "type": "MultiPolygon", "coordinates": [ [ [ [ 72.831886771917738, 19.113809564329831 ], [ 72.831925473212792, 19.113816300483727 ], [ 72.831925473212792, 19.113839395866428 ], [ 72.832093518309605, 19.113838433558886 ], [ 72.832093518309605, 19.11381918740674 ], [ 72.832132219604631, 19.11381822509907 ], [ 72.832134256514891, 19.113689275821187 ], [ 72.8319672298732, 19.113694087363214 ], [ 72.83196315605268, 19.113727768153474 ], [ 72.831889827283135, 19.113724881228862 ], [ 72.831886771917738, 19.113809564329831 ] ] ] ] } },
{ "type": "Feature", "properties": { "fid_1": 161.0, "bldg_namee": "Mehta Villa", "bldg_no": 161, "Landmarks": null, "Edu_Bldg": null, "Comm_ctr": null, "Gov_bldg": null }, "geometry": { "type": "MultiPolygon", "coordinates": [ [ [ [ 72.834299492126192, 19.111851737683718 ], [ 72.834302547491603, 19.111703540473755 ], [ 72.834201720433512, 19.111701615833791 ], [ 72.834194591247567, 19.111851737683718 ], [ 72.834299492126192, 19.111851737683718 ] ] ] ] } },
{ "type": "Feature", "properties": { "fid_1": 22.0, "bldg_namee": "Nanda Deep", "bldg_no": 22, "Landmarks": null, "Edu_Bldg": null, "Comm_ctr": null, "Gov_bldg": null }, "geometry": { "type": "MultiPolygon", "coordinates": [ [ [ [ 72.831110199879305, 19.112527404611125 ], [ 72.831218156123327, 19.112468703369981 ], [ 72.831135661257633, 19.11231473280235 ], [ 72.831036871109788, 19.112359961671455 ], [ 72.831055203302171, 19.112408558634058 ], [ 72.831042472613007, 19.112416738319428 ], [ 72.831110199879305, 19.112527404611125 ] ] ] ] } },
{ "type": "Feature", "properties": { "fid_1": 21.0, "bldg_namee": "Dohad Sa fee", "bldg_no": 21, "Landmarks": null, "Edu_Bldg": null, "Comm_ctr": null, "Gov_bldg": null }, "geometry": { "type": "MultiPolygon", "coordinates": [ [ [ [ 72.831242599046504, 19.11269087782933 ], [ 72.831280281886407, 19.112723596512964 ], [ 72.831370924393184, 19.112790958488297 ], [ 72.831473788361563, 19.112844848048805 ], [ 72.831603132163366, 19.112915096913813 ], [ 72.831667294836691, 19.112815978643571 ], [ 72.831469714541015, 19.112710124114606 ], [ 72.83134546301487, 19.112606194147503 ], [ 72.831272134245353, 19.112533058205564 ], [ 72.831177417918056, 19.112610043406704 ], [ 72.831242599046504, 19.11269087782933 ] ] ] ] } },
{ "type": "Feature", "properties": { "fid_1": 30.0, "bldg_namee": "Chry Salis", "bldg_no": 30, "Landmarks": null, "Edu_Bldg": null, "Comm_ctr": null, "Gov_bldg": null }, "geometry": { "type": "MultiPolygon", "coordinates": [ [ [ [ 72.831836358388657, 19.112815016308193 ], [ 72.831805804734685, 19.112882378241185 ], [ 72.831778306446097, 19.112969948713047 ], [ 72.83183826799204, 19.112992081901503 ], [ 72.831833303023231, 19.113002667338975 ], [ 72.831944187325789, 19.113035867113407 ], [ 72.831948515760118, 19.113026123701875 ], [ 72.832014588036799, 19.113046933704947 ], [ 72.832048197056153, 19.112968024087788 ], [ 72.832059400062604, 19.112879491301754 ], [ 72.831836358388657, 19.112815016308193 ] ] ] ] } },
{ "type": "Feature", "properties": { "fid_1": 29.0, "bldg_namee": "unknown", "bldg_no": 29, "Landmarks": null, "Edu_Bldg": null, "Comm_ctr": null, "Gov_bldg": null }, "geometry": { "type": "MultiPolygon", "coordinates": [ [ [ [ 72.832043104780539, 19.112772674511135 ], [ 72.832023754133033, 19.112630252014185 ], [ 72.831857745946465, 19.11264468673231 ], [ 72.831862838222094, 19.112778448393556 ], [ 72.832043104780539, 19.112772674511135 ] ] ] ] } },
{ "type": "Feature", "properties": { "fid_1": 28.0, "bldg_namee": "Park avenue", "bldg_no": 28, "Landmarks": null, "Edu_Bldg": null, "Comm_ctr": null, "Gov_bldg": null }, "geometry": { "type": "MultiPolygon", "coordinates": [ [ [ [ 72.832052270876702, 19.11257251312707 ], [ 72.832046160145893, 19.112459922213056 ], [ 72.831868948952874, 19.112470507686865 ], [ 72.831874041228545, 19.1125802116483 ], [ 72.832052270876702, 19.11257251312707 ] ] ] ] } },
{ "type": "Feature", "properties": { "fid_1": 27.0, "bldg_namee": "Kamal Kunj", "bldg_no": 27, "Landmarks": null, "Edu_Bldg": null, "Comm_ctr": null, "Gov_bldg": null }, "geometry": { "type": "MultiPolygon", "coordinates": [ [ [ [ 72.83204106787025, 19.112371389188137 ], [ 72.831947369998062, 19.112229928659971 ], [ 72.831843487574588, 19.112304027046967 ], [ 72.831853672125916, 19.112327122641318 ], [ 72.831817007741151, 19.112359841394454 ], [ 72.831852653670779, 19.112404107932523 ], [ 72.831937185446776, 19.112368502239789 ], [ 72.831968757555856, 19.112407957196133 ], [ 72.83204106787025, 19.112371389188137 ] ] ] ] } },
{ "type": "Feature", "properties": { "fid_1": 24.0, "bldg_namee": "Sukh Shanti", "bldg_no": 24, "Landmarks": null, "Edu_Bldg": null, "Comm_ctr": null, "Gov_bldg": null }, "geometry": { "type": "MultiPolygon", "coordinates": [ [ [ [ 72.831442216252441, 19.11231172558039 ], [ 72.831475825271795, 19.112294403879698 ], [ 72.831487028278246, 19.112301140096857 ], [ 72.831503323560398, 19.112304989363672 ], [ 72.831520637297629, 19.112289592295848 ], [ 72.831523692663055, 19.112279969127719 ], [ 72.831524711118178, 19.112264572057565 ], [ 72.831544061765698, 19.112255911204965 ], [ 72.831477862182098, 19.112125036043867 ], [ 72.831366850572635, 19.112175076558877 ], [ 72.831442216252441, 19.11231172558039 ] ] ] ] } },
{ "type": "Feature", "properties": { "fid_1": 26.0, "bldg_namee": "Amara", "bldg_no": 26, "Landmarks": null, "Edu_Bldg": null, "Comm_ctr": null, "Gov_bldg": null }, "geometry": { "type": "MultiPolygon", "coordinates": [ [ [ [ 72.83163674118272, 19.112290554617417 ], [ 72.83175182661266, 19.112356954456388 ], [ 72.831869967407997, 19.112181812794539 ], [ 72.831755900433208, 19.112118299838368 ], [ 72.83163674118272, 19.112290554617417 ] ] ] ] } },
{ "type": "Feature", "properties": { "fid_1": 0.0, "bldg_namee": null, "bldg_no": 0, "Landmarks": null, "Edu_Bldg": null, "Comm_ctr": null, "Gov_bldg": null }, "geometry": { "type": "MultiPolygon", "coordinates": [ [ [ [ 72.83499713389179, 19.110150950192786 ], [ 72.835061805792719, 19.110160092318129 ], [ 72.835080647212649, 19.110070595700751 ], [ 72.83501648453931, 19.110060010076136 ], [ 72.83499713389179, 19.110150950192786 ] ] ] ] } },
{ "type": "Feature", "properties": { "fid_1": 182.0, "bldg_namee": null, "bldg_no": 182, "Landmarks": null, "Edu_Bldg": null, "Comm_ctr": null, "Gov_bldg": null }, "geometry": { "type": "MultiPolygon", "coordinates": [ [ [ [ 72.834361617889229, 19.110440610971697 ], [ 72.8344329097485, 19.110405004856791 ], [ 72.834510312338537, 19.110373248045128 ], [ 72.834525589165551, 19.11036458709544 ], [ 72.834653914512202, 19.110337641915716 ], [ 72.834649840691682, 19.110293374825211 ], [ 72.834489943235909, 19.110328018636178 ], [ 72.834340230331449, 19.110386720632636 ], [ 72.834361617889229, 19.110440610971697 ] ] ] ] } },
{ "type": "Feature", "properties": { "fid_1": 183.0, "bldg_namee": "Local shops", "bldg_no": 183, "Landmarks": null, "Edu_Bldg": null, "Comm_ctr": null, "Gov_bldg": null }, "geometry": { "type": "MultiPolygon", "coordinates": [ [ [ [ 72.834172185234607, 19.11048391569571 ], [ 72.834227181811769, 19.110448309590122 ], [ 72.83412024402287, 19.110238522109682 ], [ 72.834068302811104, 19.110262580320491 ], [ 72.834172185234607, 19.11048391569571 ] ] ] ] } },
{ "type": "Feature", "properties": { "fid_1": 0.0, "bldg_namee": null, "bldg_no": 0, "Landmarks": null, "Edu_Bldg": null, "Comm_ctr": null, "Gov_bldg": null }, "geometry": { "type": "MultiPolygon", "coordinates": [ [ [ [ 72.834236347907961, 19.110430987698152 ], [ 72.834292362940246, 19.110402117874163 ], [ 72.834194591247538, 19.110207727594737 ], [ 72.834135520849827, 19.110229861152934 ], [ 72.834236347907961, 19.110430987698152 ] ] ] ] } },
{ "type": "Feature", "properties": { "fid_1": 0.0, "bldg_namee": "Shri Kalimata Mandir", "bldg_no": 0, "Landmarks": "yes", "Edu_Bldg": null, "Comm_ctr": null, "Gov_bldg": null }, "geometry": { "type": "MultiPolygon", "coordinates": [ [ [ [ 72.834204863949992, 19.110551221916968 ], [ 72.834260624368483, 19.11052572025844 ], [ 72.834238727583127, 19.110486264854487 ], [ 72.834185258688692, 19.110512247682532 ], [ 72.834204863949992, 19.110551221916968 ] ] ] ] } },
{ "type": "Feature", "properties": { "fid_1": 0.0, "bldg_namee": null, "bldg_no": 0, "Landmarks": null, "Edu_Bldg": null, "Comm_ctr": null, "Gov_bldg": null }, "geometry": { "type": "MultiPolygon", "coordinates": [ [ [ [ 72.834256207783042, 19.110478382314938 ], [ 72.834301529036438, 19.110455767626391 ], [ 72.834285742981876, 19.110418236859839 ], [ 72.834237875590659, 19.110440370389863 ], [ 72.834256207783042, 19.110478382314938 ] ] ] ] } },
{ "type": "Feature", "properties": { "fid_1": 48.0, "bldg_namee": null, "bldg_no": 48, "Landmarks": null, "Edu_Bldg": null, "Comm_ctr": null, "Gov_bldg": null }, "geometry": { "type": "MultiPolygon", "coordinates": [ [ [ [ 72.830408484293116, 19.115493714548261 ], [ 72.830409502748239, 19.115458350091934 ], [ 72.830405428927705, 19.115274551027071 ], [ 72.830354506171105, 19.115274551027071 ], [ 72.830355524626199, 19.115290910114435 ], [ 72.830300528049094, 19.115289947815224 ], [ 72.830300528049094, 19.11526973953049 ], [ 72.830251642202725, 19.115267814931816 ], [ 72.830251642202725, 19.115346723459105 ], [ 72.830281177401559, 19.115348648056862 ], [ 72.830280158946422, 19.115406385979146 ], [ 72.83025571602326, 19.115406385979146 ], [ 72.830259026002437, 19.115495879718811 ], [ 72.830305874938503, 19.115496120293315 ], [ 72.830304601869614, 19.115479520651732 ], [ 72.830354251557296, 19.115476152608323 ], [ 72.830355270012433, 19.115494676846286 ], [ 72.830408484293116, 19.115493714548261 ] ] ] ] } },
{ "type": "Feature", "properties": { "fid_1": 49.0, "bldg_namee": "FYGH", "bldg_no": 49, "Landmarks": null, "Edu_Bldg": null, "Comm_ctr": null, "Gov_bldg": null }, "geometry": { "type": "MultiPolygon", "coordinates": [ [ [ [ 72.830368000701569, 19.115821136090222 ], [ 72.830446930974347, 19.115764360612239 ], [ 72.830314531807147, 19.115581524194706 ], [ 72.830231527713835, 19.115634450558844 ], [ 72.830368000701569, 19.115821136090222 ] ] ] ] } },
{ "type": "Feature", "properties": { "fid_1": 23.0, "bldg_namee": "Cool breeze", "bldg_no": 23, "Landmarks": null, "Edu_Bldg": null, "Comm_ctr": null, "Gov_bldg": null }, "geometry": { "type": "MultiPolygon", "coordinates": [ [ [ [ 72.831284869910746, 19.112381349833669 ], [ 72.831368385923554, 19.112325723009526 ], [ 72.831299930175348, 19.112218350249528 ], [ 72.831213675932602, 19.112271389814396 ], [ 72.831284869910746, 19.112381349833669 ] ] ] ] } },
{ "type": "Feature", "properties": { "fid_1": 111.0, "bldg_namee": "LAHIRI HOUSE", "bldg_no": 111, "Landmarks": null, "Edu_Bldg": null, "Comm_ctr": null, "Gov_bldg": null }, "geometry": { "type": "MultiPolygon", "coordinates": [ [ [ [ 72.836524349616099, 19.112558868701569 ], [ 72.836524788403523, 19.112578354910241 ], [ 72.836608596799792, 19.112596182716153 ], [ 72.836614301036164, 19.112575867309257 ], [ 72.836649404029373, 19.11255679570051 ], [ 72.836623954359297, 19.11251740867549 ], [ 72.836597627114429, 19.112535651088251 ], [ 72.836568228357606, 19.112491288853708 ], [ 72.836503726607589, 19.112520310877652 ], [ 72.836524349616099, 19.112558868701569 ] ] ] ] } },
{ "type": "Feature", "properties": { "fid_1": 108.0, "bldg_namee": null, "bldg_no": 108, "Landmarks": null, "Edu_Bldg": null, "Comm_ctr": null, "Gov_bldg": null }, "geometry": { "type": "MultiPolygon", "coordinates": [ [ [ [ 72.83655594231, 19.112042276034327 ], [ 72.836611229524294, 19.11205471407898 ], [ 72.836619127697773, 19.112032325597919 ], [ 72.8366524755413, 19.112039788425278 ], [ 72.836680557935864, 19.111953551288607 ], [ 72.836559452609308, 19.111929504386708 ], [ 72.836539268388236, 19.112000815878698 ], [ 72.836563840483464, 19.112009107910655 ], [ 72.83655594231, 19.112042276034327 ] ] ] ] } },
{ "type": "Feature", "properties": { "fid_1": 88.0, "bldg_namee": "Reliance Digital", "bldg_no": 88, "Landmarks": null, "Edu_Bldg": null, "Comm_ctr": null, "Gov_bldg": null }, "geometry": { "type": "MultiPolygon", "coordinates": [ [ [ [ 72.83431400511239, 19.115623143567685 ], [ 72.834518714593997, 19.115527876121117 ], [ 72.834331828077225, 19.115221865163821 ], [ 72.834308403609185, 19.115230525859079 ], [ 72.834156144566876, 19.115309434394987 ], [ 72.83431400511239, 19.115623143567685 ] ] ] ] } }
]
}
